id,comment,df
1603908403003145_1604124056314913,ุจูุง ุงูู ุญูู ูุฌุฐุงุจ ...ุฎูู ุญุงูู ุงุฑูุญูู,-1
1603908403003145_1603913399669312,ููู ููุณ ุงุญูู ูุนูุง ูุฎูุต ๐,-1
1603908403003145_1604008972993088,ูุฎุชุดุดู ุดู ุญุจุงุจ ๐๐๐๐๐,-1
1603908403003145_1603958626331456,ุงูุช ุฌุฐุงุจ ุจุณ ูุฐุงุจ,-1
1603908403003145_1604008739659778,ูุดู ูุงูุญุจ ุงูุชุฑููู,-1
1603908403003145_1603920519668600,ูุถุนู ุตุนุจ,-1
1603908403003145_1604480612945924,ุฌูุงุจู ุน ุณุคุงูู ุนู ุงููููุช ุงูููุงุณุจ : ุชุฎุฑุฌ ู ุฃุณุณ ุญุงูู ููุชูุง ุจููู ุงูููุช ุงูููุงุณุจ,-1
1603908403003145_1604510646276254,ุนููู ูุงุฏุฑู ................ุงุฏุฑููุง ุงูุตุจุงุญ ูุง ุดูุฑูุงุงุงุงุฑ ๐๐๐๐,-1
1603908403003145_1604410512952934,ุตุงุญุจ ุตุงุญุจุชูุง ูุฎูุฏ ุฑูููุง.,-1
1603908403003145_1603912279669424,ุนููู ูุขุฏุฑุฉ ุดู ุขูุญู ูุง ุฑุจู  ุดูููู ุงูุญู ุงุฎ ุจุณ,-1
1603908403003145_1603978619662790,ุงูููุช ุงูููุงุณุจ ุนูุงุจ ุงูููู ูุจู ุงููุฌุฑ ๐๐๐,-1
1603908403003145_1603942809666371,ูุงุฒู ุงุชุตููู ูู ุงูุงุณุนุงู ูู ุจุชุณุงุนุฏู ูุจุณ,-1
1603908403003145_1604122406315078,ููููููู ุนูุฏู ุงูุชูุงุงุงุจ ุญุงุฏ ุจุงูุนุถู ุงูุนููู ูุง ุฎุฌููู,-1
1603908403003145_1604090596318259,ูููู ุจุนูู ุงููู ูุง ุงุณุชุงุฒ ุนููุฉ๐๐,-1
1603908403003145_1604025899658062,ุนููุฉ ูุงุฏุฑุฉ๐๐,-1
1603908403003145_1603967969663855,ูููููููููููููููู ุนููู ูุงุฏุฑู   ุงููู ููุจุฑูู ุจุณ๐๐๐๐,-1
1603908403003145_1604670802926905,ูุงููู ุดููู ุจุนุฏู ุนุงูุด ุฒูู ุงูุงุจูุถ ูุงูุงุณูุฏ ๐๐,-1
1603908403003145_1603912673002718,ุนููุฉ ูุงุฏุฑุฉ !! ๐๐ ุจุนุฑุถ ุงุฎุชู ุงูุถุจ ๐,-1
1603908403003145_1604395266287792,ุทูุจ ููุณุงุง ูุงุญูุชููุง ููุงุตูุงุช ุงูุจูุช ูุญุชู ูุนุฑููุงุง,-1
1603908403003145_1603915976335721,ูุถุนู ุตุนุจ ูุง ุชููู ูุง ุณูู ููุง ุจูุถ ูุงูุงุณุจูุน ุงูุฌุงู ุงูู ูุฑุงุฌุนู ๐,-1
1603908403003145_1603910566336262,ุนููุฉ ูุงุฏุฑุฉ ๐ ูุงู,-1
1603908403003145_1603910026336316,ูุงุฒููู ุงุณุงู ุงุฎุชู ุนู ุชุฌุฑุจุชูุง ูููู ุชุณุชููุฏ,-1
1603908403003145_1604031802990805,ุงูููู ุซุจุช ุนูููุง ุงูุนูู ู ุงูุฏูู . ูููู ูุตูุช ุงูุชูุงูุฉ ูุง ูุงุณ ูุง ุนุงูู ูุง ูู,-1
1603908403003145_1603911213002864,ูุงููู ุงููู ุจุณุชุญู ุจุชุฑูุญ ุนููู,-1
1604020089658643_1604031966324122,ููููููููู ูุฒุน ุฌุฏ ูุงููุง ๐๐๐ ุชุจุง ููุง ุจุฏู ุดุงูุฑูุง ๐๐,-1
1604020089658643_1604560789604573,ููุนู ุดููู ุดู ุจูุฑู ุงูุฎููุฌูู  ูุชู ุงูุฒูุฎู ููุนู ุญุฑูุดู ูุชูู ุฏูู,-1
1604020089658643_1604340706293248,ูุด ุนุงุฑู ูุงููุง ููุงู ุงูุฑุฌุงู,-1
1604020089658643_1604045636322755,ุงููู ููุนู ุงุจู ุงุจู ุงุจููู ูุฌูู ุดุจู ูุฏุฎู ุงูุฎููู,-1
1604020089658643_1604030429657609,ุดู ููุง ุฌุงูุชู ุงูุญุงูู ููู ๐๐๐,-1
1604020089658643_1604076322986353,ูููุนูู ุงููู ุทุฑูู ุดููู ูุด ูุงูู ุญุฏ ููุถุญ ุนุฑุถู ุชุนู ู ููุฏ ุดููู ูุงูุณุญููู,-1
1604020089658643_1604376526289666,ูุฌูููู,-1
1604020089658643_1604022996325019,๐,-1
1604020089658643_1604030832990902,ูุงู ูุจููุฉ ูู ุฌูุงุนุฉ ุงุฎุจุฑูู,-1
1604020089658643_1604533082940677,ูู ุงููุงุถุญ ุงููุง ุนุงูุณ โฆ๐ต๏ธโฉ,-1
1604020089658643_1604045736322745,ูุงููุง ุงุชุญููุช ๐ฌ,-1
1604020089658643_1604074452986540,ุชูููููู ุนูููุงุงุง ูู ุดูุชูู ุจูุต ูุงูููู ๐๐๐๐,-1
1604020089658643_1604022619658390,ุดููู ุญุฏ ุญุงููููุง ููู ูุตุญุงูุฉ ูู ุงูุญูู ๐คฃ๐คฃ,-1
1604020089658643_1604662062927779,ููููููููู ุจูุงูู ูุชุญุชููู ููุณู  ุจุณ ุจุนุฏ ุงูุชูุงุช ุณูุฑุช ๐,-1
1604020089658643_1604043562989629,ูุงููุง ุงููุจูู ๐ณ๐ณ๐ณ๐ณ ููุนูู ูุฒูุฎู,-1
1604020089658643_1604062566321062,ููุงุงุงุงุงุงู ูููุนู ูุนูุง ๐๐๐๐๐,-1
1604020089658643_1604611869599465,ุณูุจููุง ูุงุญุฏ ูููููุง,-1
1604020089658643_1604347049625947,Aya Breitim  ููู ุฏุงุนุณ ุน ุฐูููุง,-1
1604020089658643_1604597126267606,๐๐๐,-1
1604020089658643_1604030016324317,Bahaa Awad ูููููููููู ุชููููููู,-1
1604020089658643_1604093542984631,ูุงุฏู ุงูุฑุฌุจู ุจุณุฑุนู ุจุณุฑุนู ุถุฑูุฑู ุฌุฏุง ๐๐๐๐,-1
1604380252955960_1604401542953831,ุจุตุฑุงุญู ุงูุง ูุง ูููุช ูุฑุงุกุฉ ุงูุจูุณุช ูุงูู ูุจูู ุนูููู ุชุงููุฉ ุงูุชู ูุชูููุฑู  ูุดู ูุนูู ุตุงุญุจุงุชู ! ูุฌุน,-1
1604380252955960_183587358863957,ูุฎุฑุจ ุจูุชู ุงุตูุง ุฑุญ ุตุญุจุงุชู ุงูู ุงููุงุณ ุฑุญ ููุชูุถููู ุนูุง ุดู ุงูู ููุญุฉ,-1
1604380252955960_165325954056070,ุนุงุฏู ุงุนููู ุงูุญููุฉ ูุงูุจุณุทู ููุน ุงูุฒูู ููุง ุงูู ุชููุช ุจูุงุช ุญูุงูู ูุฒูุฌู ููุด ุจุนูุฏ ุถุฑุฑุชู ูุนููู ุญููุฉ ุจุนุฏูุง ุจููู ุจุณ ูุง ุชุฒุนูู ููุชูุง ุฎูุชูู๐ค,-1
1604380252955960_1944290729158404,ุตุงุญุจุงุชู ููุณูู ุฑุญ ูุญูู ุนูููู ุงุฒุง ุนููุชูููู ุญููู ููู ูุถุน ูุชู ููู ุนูุฏู ูุนูุง ูุง ุจุชุณุชุญู ูู ุงููุง ุงูู ููุชู ุนูุฏ ุงูููุจุฑู ุนูููุง ๐,-1
1604380252955960_1741436892826421,ูุน ุงุญุชุฑุงูู ุงูู  ุงูุช ูุญุฏู ูุง ุจุชุณุชุญู ุงูู ุฎูุงูู ุชุงุฎุฏู ุฑุฃู ุงููุงุณ ุจููู ููุถูุน  ุงูู ุงุณุชุญู ูุงุชู,-1
1604380252955960_2079084812311085,ูุงุฏููู ุนูู ุฌูุฒู ุดูู ุฏุนุทูู ูุตูุญุฉ  ูุงุฒู ูุทููู ููุฑุงู ูุญุงูุงู ูุด ููุงู  ูุฎุฑุจ ุจูุช ุงูุงุญุณุงุณ ุงูู ูุงุชุนุชูู,-1
1604380252955960_1604409412953044,ูุง ุนูุฏู ุงู ููุน ูู ุงูุงุญุณุงุณ ููุง ุงูุงุญุชุฑุงู ููู ุจุฏู ุชุฑูุตู ูุญูุงุชู ูุณู ูุชู ููู ููู ุงุญุชุฑุงูู ููุดุงุนุฑ ุฒูุฌู ุทุฒ ูููู ููู ุตุงุญุจุงุชู,-1
1604380252955960_1944295042491306,ูุงููู ุงูู ุณุชุญู ูุงุชู ุงุฒุนูู ุน ุฒุนููู ูุงูุฑุญู ุน ูุฑุญูู ูุณุชุนุฌูู ุชุฑูุตู ุณุจุนูู ุนูู ุชุทุฑูู,-1
1604380252955960_1686905831350740,ุงูุช ุชุงููุฉ ู ูุนูุง ุจุชุญุชุฑููุด ูุดุงุนุฑู ููุง ุจุชุญุจู ููุงู! ุดู ูู ุณุฎุงูุฉ ุงูู ูุตูููุง ุงููุฌุชูุน ุงุดู ุจูุฎุฒู .....,-1
1604380252955960_2079087038977529,ูุง ูููุง ุงุดู ุจุดุฑุท ุฌูุฒู ุงูุงุฒุนุฑ ูููู ููุฌูุฏ ููุง ุฑูุช ุน ุงุบููู ุงููุนูุน ุฎููู ูุฑูุต,-1
1604380252955960_132626950790523,ูุง ุญูู ููุง ููู ุฅูุง ุจุงููู ูุงุนุงูู ุงููุงุณ ุงูุฌูุช ุงููู ุฃูุจุฑ ุนูููู ุงูุชู ูุตุงุญุจุงุชู ููู ูุงู ุงู ุฒูุฌู ุงุญุณุจู ุตุงุฑ ุงูุนูุณ ูุง ุชุฑุง ุจุชุณูุชููู ูุฌูุฒู,-1
1604380252955960_165327290722603,ูุนูุง ุงูู ูุง ุจุชุณุชุญู ุ ุฑูุชูู ูุฑูุตู ุนูู ูุจุฑู ููุง ุชููุชู ๐๐ ูุฌุน ูุฎูุน ููุนู ุฅููู ๐๐,-1
1604380252955960_1604404906286828,ุงุตูุง ุฃุดู  ุงูู ุงูุณุงูู ูุชุนููู  ุฃู ุฏุงุฎูู ุฌุงูุนู ูู ุงูู ุงูู  ูุชูููู  ูุจูุช ูุงุฌุฑ  ุนูุฏ ุงุฎููู  ุจููู ุงูู ููุณ ููุญููุงุช  ูุชุณุงูู,-1
1604380252955960_2063622937192527,ุงูุง ุจููู ุงู ุดุงุก ุงููู ุจุชูุญูู ุญูุงุชู ูุงูุง ุจุงุฌู ุจุญุชูู ูุน ุตุงุญุจุงุชู ูุง ุชุฎุงูู,-1
1604380252955960_1639021082828939,ุงููู ููุฏูฺฏูู ุจุณ ุุ ุญุชู ููููุง ุญูุงุชูููู ูุด ูููุญุฉ ุจุงููุฑุฉ ุุ ูุงุฒู ุชุณุชุญู ุน ุฏููู ู ุชูุบููุง !',-1
1604380252955960_2063583687196452,ุนููุฑุฉ ูุงุถุญ ุงูู ุงูููุดูุฑ ูู ุดุจ ูุฌุงู ุนุจุงูู ูุชุฎูุช ูุงูู ูุณุชุญูู ูููู ูู ูุญุฏุฉ ุจูุงูุญูุงุฑุฉ ูุงูุชูุงูุฉ ูุงู,-1
1604380252955960_1604431619617490,ุจุชุญุจู ุงุฌู ุงุฎุจุทู ูู ุดุจุดุจ ููุฑุฉ46ููุง ุจุฑุจูุด ุจูุดู ุดู  ูุฎุฑุจ ุจูุช ุนููู ุญุทู ุญุงูู ููุงูู ูุงูู ุงูู ููุชุฉ  ูุงูุจุงูู ุนูุฏู,-1
1604380252955960_1604399106287408,ูุงููู ุงูู ููููู ููู ุน ูุงูุตุจุญ....ุจููุตุญ ุงูุงุฑูุจ ุงูู ุนูุฏู ูุจุนุซู ุนูุฏ ุงููู.ููุทุนู ุดู ุชุงููุฉ๐ท,-1
1604380252955960_1944288485825295,ูุง ุนูุฏู ุฒููุก ููุง ููู ูุด ููุฏุฑุฌู ุทุฒ ุนูููู ูุนูู ุตุงุญุจุงุชู ูุนูุง ุงุนุชุจุฑู ุงูู ูุงุชุช ุจุชุนููู ููู ุญููู ุุุุ,-1
1604380252955960_849031871931643,ููุง ุจุทููุง ูููู ุจุงูุงุตู ูุงููุงุฌุจ ูุงูุงุญุชุฑุงู ูุด ููุฏุฑุฌู ุนูุจ ูุงููู ุงุญุชุฑุงู ูุฒูุฌู ูุด ุชุชุฃุฌู ูุงุฒู ุชูุชุบู ูุด ูุซูุฑ ุงุดู ููู ุจูููู ุนุฑุณ ูุจุชุฃุฌู ุญุณุจู ุงููู ููุนูู ูููู ูุจุนุฏูู ุจูุญูู ุงุทูููุง ูุชุฒูุฌูุง,-1
1604380252955960_258829957975651,ุณูุงู ุงู ุงูู ููุงู ุญูุงุชู ูุง ูุฏุฑ ุงููู ุฌูุฒู ูุงู ูุฎุทุท ูุนูู ููู ุจุชูุณ ุงูููู ูุง ุฑุถู ูุงุฌู ูุนุฒุง ูุด ุนูุฏู ุนูุฏ ุงุฎุชู ุดู ุดุนูุฑู ุงูุชู ุจุนุฒุง ูุฌูุฒู ูููู ูุจุณูุท,-1
1604380252955960_183591558863537,ุงูู ุงุณุชุญูุง ูุงุชูุง ููู ูุนูู ุจุฏู ุชุนููู ุญููู ุงููู ุงูุจุฑ ุงุญุชุฑูู ูุดุงุนุฑู ุงุฒุง ูุด ุนุดุงู ุญูุงุชู ุนุดุงู ุฌูุฒู ุงูุช ููุชู ุญูุงู ุฑูุญู ุงุตุฑูู ููุฑุชููู ููุทุนู ุงูุช ูุตุงุญุจุงุชู ููููููููููููููููููุญ  ุงุดู ุงูู ูุงูุจูุณุช ุนูุฌุฏ ูุงูู ูุด ููู ููุฑ ุดููู ูุณุฎุฑุฉ ูุงููู,-1
1604380252955960_1604465509614101,ุงุนุชุจุฑููุง ุงูู ูุฒูุฌู ุจุฏู ูุนูู ุญููู ุฌุฏ ุงูู ุงุณุชุญู ูุงุชู ูุง ุจุฏู ุชูุญุฑุฌู ูุน ุตุญุจุงุชู ุจุณ ูุนูุด ุชุฌุฑุญู ุฒูุฌู ููุด ูู ุฃูู ุญุณุจู ุงููู ุนูููู ูุจุฏู ูุง ุชูููู ูุงููู ุฌูุจู ุญุณุจู ุงููู ุนูููู ูุงุดูุฎู,-1
1604380252955960_1513892168693444,ูุฎุฑุจ ุจูุชู ูู ุญุงูู. ุงูุนูู ุจููุจู ุงูุนูู ุนูุฌุฏ ุงูู ุงุณุชุญู ูุงุชู   ุงููู ูุง ูุฌุจุฑู  ุงููู ูุณู ุจุฏูู ูุง ูุดูู ุดู ุจุฏู ุงุญูู ุนูู ุงููู ููุฎุฐู ุงู ุดุง ุงููู,-1
1604380252955960_370285876734824,๐ฑ๐ฑ๐ฑ ุงูููููุช ุดู ุจูููุฌุน ุงูููุจ ูุงูุฑูุญ ูุด ุงูุฌุณุฏ ูุนูู ุจุงูููู ุฅุฐุง ูุด ุฅูุชู ูููุชู ุฌูุจ ุฒูุฌู ููู ุฑุญ ูููู ูุง ูููุง ุดู ุงุฐุง ุงุฌูุชู ุงูุญููุฉ ๐๐   ุจุณ ููุฑู ุดูู ูู ุฅูุชู ูุญูู ูู ุฑุญ ูููู ููู ููููู๐๐๐  ุฌุฏ ูุธุงุนุฉ ๐๐,-1
1604380252955960_1812710348739399,ุงุฎุฑ ุญููุชู ุงู ุดุงุก ุงููู ูุนูุจ ุนูููู ุงุนุชุจุฑููุง ูุงูุฏุชู ููู ุจุชูุดู ุงูุนุฒุง ุจุงูุงุญุชูุงู ุงุญุชุฑูู ุฒูุฌู ูุนูุจู ูุงู ุจุฌูุฒ ุงูุชู ุนุงููู ูุงุฏ ุงูููุดูุฑ ูู ุดุงู ุชูุฑุกู ุจูุฏูุชู ุจุนูููู  ูุญุฏู ูุจูุฏูู,-1
1604380252955960_1604384959622156,ุทุฑููุฉ ุฅุทูุงู ุงูุจุฒูู..ุนูู ููู ููุฑู  1  ุชููู ุจุนูููุฉ ุดููู ุจุนูู ูู ุงูุงูู ูุงูุจูุนูู ูุน ุจุนุถูู ุงูุจุนุถ  2  ุชุฎุฑุฌ ุงูุจุฒูุฉ ุฅูู ุจูุช ุงููุงุฑ  ( ุงููู   ูุน ุตูุช  ุงุญุญุญุญุฎู   3  ุชููู ุจุงูุชุณุฏูุฏ ุนูู ุงููุฌู ุชูุงูุง   4 ุชุฑุฌุน ุฑุงุณู ููุฑุง ุดูู    5  ุชุทูู ุงูุจุฒูุฉ ุจุณุฑุนุฉ ุงูุถูุก  ูุน ุฏูุน ุงูุฑุฃุณ ุจุงุชุฌุงู ุงูุงูุงู  ูุน ุตูุช ุชููููู ูุชููู ูุงูู  ุณุงุฑุฏูู๐๐,-1
1604380252955960_1686875581353765,ูุง ุงูุชู ูุจูุฉ ุงู ุจุชุชูุจูู.....ูุนูู ุญูุงุชู ุญุชู ูู ููุชุฉ ูู ุจูุฏ ุจุนูุฏ ูู ุงุดู ุงุณูู ุงุญุชุฑุงู ....ุดุนูุฑ ูุน ุงูุบูุฑ ูุฎุตูุตุง ุฒูุฌู....ุชุฎููู ูู ุฒูุฌู ุจุฏู ูุนูู ุญููุฉ ูุงูู ุงููู ูุงุชุช ุดู ุญูููู ุดุนูุฑู,-1
1604380252955960_362476514197137,ุจุฏู ูุณุชุดูู ูููุฌููู ูุฒุฑุนููู ุนูู ุญูุงุฑ ุจุฏู ุงูู ุนูุฏู ๐๐ูุฃูู ุจููุฑ ุงุญุณู ููู ุจุฌุฏ ููุงุญุฉ ุญูุงุชู ุจููุงู ุฃูู ูุชูููู ูุนูู ูุด ุญุฏุง ุบุฑูุจ ุจุนุฏูู ุงูุฌุญุด ุงูู ุนูุฏู ูุญุฏ ุงุณุง ููุนุฏู ุจุฏุงุฑ ๐,-1
1604380252955960_849073255260838,ุงูุชูููุง ูุจู ุงู ุชุชูุงุซุฑ ... ูุงูู ุนูู ุชุณุฃู ุจุนูุฏ ุงูุดุฑ ุทุจุนุง ุจุณ ูููุฑุถ ุงูู ุงูู ุชููุช ูุฌูุฒู ุนุงูู ุญููู ูุตุญุงุจู ูุงูุชู ุจุจุงุฑุฑูุณ ูุนุฒุง ุงูู ุจููุณูู ููุชู ุฑุญ ุชุฑุถู ูุนูู ุงูุญููู ููุง ุฑุญ ุชุทูุจู ูุฃุฌููุง,-1
1604380252955960_1812727272071040,ุงููู ุฒู ุงุดูุงูู ูููู ุนูููู ุงูุทูุงู  ุตุญูุญ ุงูู ูุญุฏุฉ ูุง ุจุชุณุชุญู ุน ุฏููุง  ูุงูุตู ูุณุจุงุช ุน ูุงููุณุง ุฏูุฑ ุงููู ูุฏูุฑู ุญูุงุชู ูุงุฒู ุชููู ุจููุงู ุงูู ูุง ูุงูุญุฉ,-1
1604380252955960_889357571220110,ููู ููุนู ุงุจููู ุน ุงุจู ุตุงุญุจุงุชู ููู ุงูุญู ุนูู ุฌูุฒู ุงูู ูููุง ูุฎูููู ุน ุฐูุชู ุทูุจ ุงูุฑุถู ุงูู ูุงุชุช ูุจุงุฑุญ ูุฌูุฒู ุนุงูู ูุด ุญููู ุนุงูู ุบุฏุง ูุตุญุงุจู ููุชู ุจุชุนููููุง ูุตู ุงุจุตุฑ ุดู ุงู ุตุงุฑ ุญุงูููู ุจุฏูุงุด ูุงุฌู ุงูุบุฏุง ูุชู ูุง ุจุชุฑุถูุงุด ุน ุญุงูู ุชุฑุถูุงุด ูุบูุฑู,-1
1604380252955960_1604382399622412,ุฌูุจู ุตุญุจุงุชู ูุฎุชู ูุญูููู ุจุณ ูุดูู ุงูุฑูุต ูุนูู ุ๐ ุงูุชู ูุด ูุณุชุญูุฉ ุน ุญุงูู ููู ูุฒูุชู ููู ุงุนุชุฑุงุงู ๐๐ค ุงุตุทุบูุฑุงููุงู ุจุณ ุญุณุจู ุงููู ๐ธ Hanan Hassan,-1
1604380252955960_1944276319159845,ุงูุช ุนุงููู ููุง ูุฌูููู  ุนูุฌุฏ ุงูู ูุง ุจุชุณุชุญู  ุนูู ุญุงูู  ูู ูุทุฑุญ ุฌูุฒู ุจุญุท ุนูููู ูุงุฒ ูุจุญุฑูู  ูุจุฏููู ูุจู ูุง ูุฏูู ุงูู  ูุงููู   ุงููุง ูุงุฑ ุฌููู ููููู ุนูููู ูุฎูู ูุงุนูู ุตุง ุญุจุงุชู ุจุนุฏูุง ูููุนููู  ููู ุงููุญุฏู  ุจุชููุช ูุจู ูุงุชุดูู ุงุจููุง ุนุฑูุณ  ูุจุงูุงุฎุฑ   ุจูููู ุบุงุจู ูุญุงุจู,-1
1604380252955960_849036971931133,ุงูุงุงุง ูุงุงุง ูุงุฌุจ ููุด ุชุฃุฌูู ุตุญุจุงุชู ุฃูู ูู ุญูุงุชู ูุงูุนุฒุง ููู ููู ุชููุช ุญูุงุชู ุณูู ูุงููู ูุง ุฑุญุช ุงูุฑุงุญ ูุงุนุฑุงุณ ุจุณ ูู ุฃูู ูุฏุงูู ุจุณ ูุนุฏููู ุงูุงู ูุงุฑุจ ููู ุงูุชู ุฌุฏ ูุด ูุญุชุฑูุฉ ูุจูุฑุฉ ููู ุชุชููู ุฃูู ุจููู ูุณูุงู ุงุฎูุชู ูุนููู ุญููุงุช ูุฑูุตุงุช ูุงุนุฏุงุช. ......ูุน ุงูู ูุฏู ุงููุตู ุญุณุงูุง ูุฐุจู ุจุณ ููุง ูุดูุช ููุจู,-1
1604380252955960_1604391399621512,ุงู ุฌูุฒู ุจููุงู ุงูู ูุนูู  ุ ุงุฐุง ูุง ุฑุงุญ ุชููู ูุน ุฌูุฒู ุจููู ุธุฑู ูุง ุจุชูุฒููู ุ ูุงุฒู ุชูุฏุฑู ูุงุฏ ุงูุธุฑู ุ ุนูุจ ุนูููู  ุ ูุดู ูุนูู ุตุญุจุงุชู ุ ูู ูุญุงููู ุงุฐุง ุจูููู ูุง ุฑุงุญ ููุฌู ุ ููุงุฏ ุงูุดู ุจุฏู ุน ุงุตูู . ุฑุจูุง ุงูุนู ุนูููุง ุงูุนูู ุงุณุชุนููู ๐   ูู ุงูุงุก ุจูุง ููู ููุถุญ   โ,-1
1604380252955960_1604406029620049,ุนู ุฌุฏ ุงูู ูุญุฏุฉ ูุง ุจุชุณุชุญู ูููููุฉ ููู ูุฐูู ุงูุฑุถู ุฃููุง ุฃูู ููุง ุงุจููู ุงูู ููุช ูุฎุชู ุจุทู ูู ุญุฑูุฉ ููููุช ูุฃูู ุงูููุช ููู ูุง ููุจู ุฃูู ูุฌูุฒู ุงูู ููุชุฉ ูู ุฃููู ููู ุงูู ููุณ ุชุฑูุตู ูุชุงููู ูุน ุตุงุญุจุงุชู  ุณุคุงู ุทูุจ ุตุงุญุจุงุชู ูุง ุจุฏูู ูุนุฒููู ููุงุฎุฏู ุจุฎุงุทุฑู ููุง ุงูุชู ูุด ูู ุฃูู ุจูุช ุงูุฃุฌุฑ ููุง ุฌูุฒู  ุจุฏู ูุง ูุทุฎู ููุง ูุชุญู ูุนู ุงูููุถูุน,-1
1604380252955960_1604422919618360,ุงุญุชุฑุงูุง ููุดุงุนุฑ ุฌูุฒู ูุง ุนุฏููู ุงูุงุญุณุงุณ ุทุฒ ูููู ูุจุตุงุญุจุงุชู  ุดู ูุญุฏุฏุฉ ูู ุฒูุงู ููู ุงุนุฑุงุณ ุจุชุชุงุฌู ุจุญุงูุงุช ุงูููุงุงุฉ  ุงูุง ุจููู ุงุทูุจู ุงูุทูุงู ูุงุญุชููู ุจุฑุงุญุชู ููุชูุง  ูุฒุฒุฒุฒุน ๐,-1
1604380252955960_132615484125003,ุนู ุฌุฏ ุงูู ูุง ุจุชูููู ูุนูู ุงูููุฑูุถ ููู ูุญุงูู ุชุญูู ูุฌูุฒู ุงูู ุฑุงุญ ุชูุบู ุงูุญููุฉ ุนุดุงู ุฃูู ุงุญุชุฑุงู ูุฌูุฒู ููุดุงุนุฑู ุฃููุง ูุซุงููุง ูู ุงููุญุฏุฉ ุฌุงุฑุชูุง ุงููู ุชููุช ุจุชุณุชุญู ุชุดุบู ุงูุชููุฒููู ูุด ูุณู ุชูุบู ุญููุฉ ูุชุฃูุฏู ุฑุงุญ ูุฌู ููู ูุฑุฏูู ุฌูุฒู ูุงููููู ูุฑุงุญ ุชุนูุดูู ููุง ุฃูู ุชููุช ููุฑุช ุงุฎูู ุชุนูู ุญููุฉ ุนู ุฌุฏ ุงูู ูุญุฏุฉ ูุง ุจุชุณุชุญู ูุงููู ูู ุฃูู ุงููู ูุงุชุช ูุฌูุฒู ูุงู ูุนุฒูู ุนูู ุญููุฉ ูุฑุงุญ ูุชูููู ููุงูุชู ูุชุทูุจู ุงูุทูุงู ูุฃูู ูุง ุงุญุชุฑู ููุงุฉ ุฃูู,-1
1604380252955960_1513885412027453,ุฎุงูุตุฉ ุงูุชู ูู ูู ุนููู ุจุงุนุชู ุชุณุฃูู ุุุ ุงููู ูุง ูุฑุฏู ูุง ุงูุชู ููุง ุตุงุญุจุงุชู ุ ูู ุงุดู ุจุงูุฏููุง ุงุณูู ุญูุงุก ุ ุฃุฏุจ ุ ุฐูู ุ ุงุญุชุฑุงู ูุดุงุนุฑ ุงููุงุณ ุ ูุฑูุง ุนูููู ุจุงููู ุตุญูุญ ุงูุนูู ุฒููู ูุงูู ุจุฏููู ุญุฒููู .,-1
1604380252955960_228539677685817,ูุตูุญุชู ุงูู ุงุชุทููู ู ุดููู ุญูุงุชู ู ููู ูู ุฌูุฒู ุงูููุฏู ๐๐ ูู ุงูููุง ุจุฏู ูุฌูู ุงููู ุนูู ุดููุฉ ุญููุฉ ูุจุงูุจูุช ููุงู  ููู ูู ุงูู ุทุงูุจุฉ ููู ุชุนููููุง ุจุตุงูุฉ ุงู ุจูุงููู ู ูููู ูุนุงุฒููู ูุชุงุฑ .. ุจูุบุต ุนูููู ุงููุฑุญุฉ ุนุดุงู ุงูู ุงุชููุช ูุนูู   ูุงู ู ุจุชุณุชุบุฑุจู ููุด ุงููุณูุงู ุจุชุฎูู ุฌูุฒุงููุง .. ูุงูู ุฌูุฒุงููู ูุง ุจููููู ุนูููู ุจุฏูุฑู ุนูู ุญุฏุง ูููููู ๐๐,-1
1604380252955960_1741436082826502,ูุฌุนูู ุชููุชู ูุง ุดูุฎุฉ ููุง ูููู ูู ุญุฏุง ุจุนุฒุงูู ููุงุญุฏุง ูุชุฑุญู ุนูููู ูุงููุงุณ ูููุง ูุฑุญุงูุฉ ููุจุณูุทุฉ ุชููู ูุนุงูููู ุญููุงุช ูุงุจูุฏุฑู ูุงุฌูููุง ูุงุฑุจ ูุงุฑุจ ููุฃ ููุทูุฑุฉ ุชูุฑูู ูุฑู ุชุตูุฑู ุฒู ุงูุชููุง ููุฑุชุงุญ ููู ุงููู ูุณู ุจุฏู ูุงุจุนูุฏุฉ ุชูููู,-1
1604380252955960_889358611220006,ุทุจ ุงูุง ุนูุฏู ุญู ุญููููู  ุดู ุฑุงูู ุชูุฌู ุงูุชุจ ูุตุงุญุจุงุชู ูุชุนููู ุงูุญููู ุนูุฏู ุจุงูุฏุงุฑ ูุงูุง ุจุญุถุฑูุง ููุณููุญ ูู ุดู  ููุถุญ ุนุฑุถู ุน ููู ุงุนุชุฑุงู  ูุนูุข ุงูู ุณุชุญู ูุงุชู  ุญูุงุชู ูุงู ุงูู ูุงุนููู ูููู ุงููุง ูุงุฐุง ูุด ุงููุง ุงุนููู ูููู ูุฌูุฒู  ุงุตูุง ูู ุฌูุฒู ุฎุฑูู ูู ุจููู ุทูุงู ูุนุฏุงุฑ ุงููู,-1
1604380252955960_849058455262318,ุนู ุฌุฏ ูุง ุจุชุญุชุฑูู ูุดุงุนุฑู ุุ ูุง ุงููู ุดู ููู !! ุงูุง ุจุฑุฃูู ูุงุฒู ุชูุฏููู ุงูุชู ูุญูุงุชู ุจููุณ ุงูููู ูุดุงู ุชูููู ุนุจุฑุฉ ููุบุจูุงุช ุงูุซุงูู ..ุนู ุฌุฏ ุงูุฏููุง ุขุฎุฑ ููุช ..ูุงู ุตุงุฑุช ุนุงุฒูู ูุงู ..ููู ุณูุญู ูู ุจูู ุงููุณูุงู ๐ก,-1
1604380252955960_2063562147198606,ุน ููุฑุฉ ุงูุช ูุด ุงูุณุงูู ูู ููุช ููุช ุฅูุณุงูู ูุงู ุนูุฏู ูุดุงุนุฑ ุจุณ ุงูุช ูุฌุฑุฏุฉ ูู ุงูุฃุญุงุณูุณ ูุงููุดุงุนุฑ ุงุญุชุฑูู ุฒูุฌู ููููู ูุนู ูู ูุญูุชู ุจูุง ูุจูู ูุง ูุจูู ุงูุญู ุน ุฌูุฒู ุงููู ูุณุงุชู ุถุงุจู ุนูุฏู ูุง ููููุฉ ุงูุงุตู ูุงููุฌุฏุงู,-1
1604380252955960_1604472256280093,ุณุจุนู ูุณุจุน ุงุงู ุฑุจุงูู ูุณุจุน ุงูู ูุงูุชู ุนูููู ููุณุจุนู ูุญุฏู ุณุงุงูุทู ุงูุญู ูุด ุนูููู ุจุณ ุงูุญู ุนุงูุญูุงุฑ ุงูู ุถุงุงุงุจู ุงูุชู ูุงุฒู ุดูู ูุด ุจุณ ุทูุงู ุฌูุนุฉ ุฑูุต !! ูุงูููู ุนุจุฏู ูุงุญูู ุนุงูุฑูุต ูุง ุงููู ุดู ุดุฎุตููุชู ุญููููููุฑุฉ ููุฐุฑุฑุฑู ููุณุชูุฒู ุงุชุชู ุฌุฏ ุจุชุฌุณุฏู ุงูุญูุงุฑุฉ ุชุฌุณูุฏ ุงุจุฏุงุงุงุนู ุณุจุญุงู ูู ุฎูู ูู ุทุจุงุน ุงูุฎูุงุฒูุฑ ุจุดุฑ  ุงุฑูุตู ุญุฌู ุงุฑูุตู ุงููู ุจุงูููุช ูุงุงุงุนุธุง ูุงุนูุฑ !!!! ููุชู ูุจุงุฑุญ ูุจุฏู ุชุฑูุตู ุงูุชุฑ ูู ููู ุนุธู ุดู ุจุฏู !! ููููู ุชููุนูููู ูููู ุงุณูุท ุดุฎุตูู ูุนุงู 2017  ุจุฏูู ููุงุงุงุงุฒุน ุงูุชู,-1
1604380252955960_889353917887142,ุน ููุฑุฉ ุงูุชู ูุญุฏุฉ ุจูุงุงุง ุงุญุณุงุงุณ ูุตุงุญุจุงุชู ูู ุนูุฏูู ุฐููู ุจูููู ุงูู ุงุชุฃุฌู ููุดู ุจูุง ูุงุชุญููููู ูุงู ุดุงุก ุงููู ุจุชุฎุณุฑู ุงูู  ู ุฌูุฒู ูุนูู ุฃูุธุน ุจุชุณุชุงููู ูุชู ุนูููู ูุนููู ูุฃูู ููุณ ุน ุฐูุชู ุชู ุชู ุงู ุงู ุนุงุฑูู ุดู ูุนูู ุงู ุชููู ุนูููู ูุน ุตุงุญุจุงุชู ๐ฆ๐ฆ๐ฆ๐ฆ๐ฆ,-1
1604380252955960_132620004124551,ูุฑุญุจุง ุตุจุงูุง ุจุฏู ุฑุงููู ุจูุงูููุถูุน ุงูุง ุญูุงุชู ุชููุช ูุจุงุฑุญ ูููุช ููุฑูุถ ุงูู ุจูุฑุง ุนุงููู ูุนุฏู ุฑูุต ูุงูู ูุตุญุจุงุชู ุจููุงุณุจุฉ ุชุฎุฑุฌู ูู ุงูุฌุงูุนุฉ ูุฒูุฌู ุฒุนูุงู ูุชูุฑ ููุชุถุงูู ููู ุงูููุช ุจูุจูู ูุทูุจ ููู ุงุงุฌู ุงูุญููุฉ ุจูุฑุง ุทูุจ ุงูุง ูุง ุจูุฏุฑ ุงุงุฌู ุตุฑุช ูุญุฏุฏุฉ ูู ุฒูุงู ูููุงู ุงูุนุฒุง ูุด ุนูุฏู ุนูุฏ ุณููู ุงููุจูุฑ ุจุณ ุฒูุฌู ุตุงุฑ ูุญูู ุงูุชู ูุง ุจุชุญุชุฑูู ูุดุงุนุฑู ูุงูุง ุดุงููุฉ ุงูู ูุง ูููุง ูุดููู ุฏุงู ูุญุฏุฏุฉ ูู ุฒูุงู ูุงูุนุฒุง ูุด ุนูุฏู ููู ุงููุนู ุชุถู ุงูุญููู ููุงููุง ููุง ุงูุญุฑุฌ ูุน ุตุญุจุงุชู ูุดูุฑุง ุงููู,-1
1604380252955960_1639037999493914,ูุณุชุบู ุงูุจูุณุช ุงูู ูุงุงูู ูููุฉ ููุง ูุนูู ููุดุฑุญ ุทุฑููู ูุบู ุงูุจูุฏูุฑุฉ ๎๎ ูุชู ูุถุน ุฑุบูู ุฎุจุฒ ุนูู ุงูุฑุฌู ุงููููู ..ููุณู ุญุจุฉ ุจูุฏูุฑู ูุญูุดู (ุฎุถุฑุงุก ูู ุงูุฎุงุฑุฌ ุญูุฑุงุก ูู ุงูุฏุงุฎู   1 ูุชู ุนุถ ุฑุบูู ุงูุฎุจุฒ ุจุดุฑุงุณู ูุญูู ูุชูุงุก ุงูุงุณูุงู ุจุจุนุถ ูุน ูุชุนู ุฎูููู ููุฎูู ูุชุณููู ุงููุทุน. 2 ูุชู ูุณุญ ุญุจุฉ ุงูุจูุฏูุฑู ุจุงูุซูุจ ุงูู ูุงุจุณู ุงู ุงูุจููุฒู  3 ูุชู ุงููุธุฑ ูุญุจุฉ ุงูุจูุฏูุฑู ูููุงุณ ุณุนุฉ ูุชุญุฉ ุงููู ุงููุทููุจู  4 ูุชู ุนุถ ุญุจุฉ ุงูุจูุฏูุฑู ูุน ุดูุท ููุฏุงุฎู ูุชุณุชููุฏ ูู ููุฉ ุงูุจูุฏูุฑู ูุงููู  5  ุชูุฑุงุฑ ุงูุนูููุฉ ูุญูู ููุงุฐ ุงููููุฉ .. ๐๐๐๐,-1
1543067545753898_1543084009085585,ุงููู ุงูุนูุงูู ููุฑุง,-1
1543078229086163_1543080269085959,ุงูู_ุญูุงูู ๐,-1
1543078229086163_1543191319074854,ุงูู_ุฎุฑููุ,-1
1542625972464722_1542630772464242,ุงูู ุงุฎุถุน ููุนูุงุฌ ุงูุขู๐๐๐,-1
1542624792464840_1542633329130653,ุงู  ุงูุธูู ุตุนุจ ๐ฐ,-1
1542624792464840_1542637032463616,ุงู_ูู  ุชูููู ุนุงููู ุฑูุฌูู ูุทุงุจุฎูู ุฏูุงูู ๐๐๐ญ๐ญ,-1
1542624792464840_1542824465778206,ุงู_ูู ุงููุฌุน ุงูุญูููู ุงูู ุชุนุฑู ุงู ูู_ููุงูุฉ ุจููุจ ููู ุจุชุญุจ ููุง_ูุง ๐,-1
1542624792464840_1542627585797894,ุงู_ูู ูุฌุน ุงูู ุชููู ุฌูุนุงู ููุง_ุชูุงูู_ุงุดู ุชูููู   ูุงุฏ ุงูุจุฑ_ูุฌุน ุจุงููู ูู_ุญุฏ ุจุนุชุฑุถ ุน_ููุงูู   ๐ธ๐ธ๐ธ๐ธ,-1
1542624792464840_1542868182440501,ุงู ููุง ุชุทูุจ ูู_ุงูุงุณุชุงุฐ ููุฌุญู ุจูุงุฏุฉ ู ูุง_ููุจู ููู,-1
1543078229086163_1543232972404022,ุงู_ูุจูู_ุนูููู,-1
1543078229086163_1543146375746015,ุงู_ูุดุงููู ุนููู ุจุฑูุฆูู  ููุงุงุงุงุงุงุงุฆูุฉ ูู_ุงูุณูุง ๐,-1
1543078229086163_1543084872418832,ุงู_ูุงุถุญ_ูุชูุฑ ๐๐๐๐ ุจููู ุงูู_ุดู ุจุฐูุชู ูขู ูุญุฏู,-1
1543078229086163_1543220625738590,ุงู_ูุงุถุญ๐๐๐๐,-1
1542624792464840_1543081509085835,ุงู_ูุฌุน ุงูุงุณูุงู ๐ท๐ท,-1
1542624792464840_1542629902464329,ุงู_ูุฌุน ุงูุฑุงุณ ูุงุฏูู ูู,-1
1543078229086163_1543097179084268,ุงู_ูููู ุตุฏูุช๐ญ๐ญ ๐,-1
1543078229086163_1543079935752659,ุงููุง ุงููุง ....ุชูููุน ูุณูููุฉ ุงููุฐุงุจ ๐๐๐ุชุจุฑู ู ุชุฑุนุฏ,-1
1543078229086163_1543080845752568,ุงูููุงุก ุงูููุงุก ูุบุฒู ุงูุนูู๐ธ,-1
1542624792464840_1542898192437500,ุงู_ูู ููุง_ุงุนูู ุนุดุง ูู ุงูููู  ููุง_ุฃูุงูู ุฎุจุฒ ๐๐ธ๐ธ,-1
1543241149069871_1543247052402614,ุงู_ูุฑู ุงูู_ููุฑูู ูููุญ ...ูุฌูุฒุฉ ูููุฏูู ููุน_ููู ูุงุนุฏุฉ ุจุชุตูุนู ..ุงุดู_ุจุฎุฒู ...ุฑูุญู ุธุจู_ุญุงูู ุงุฐุง_ูุด_ูุดุงูู ูุดุงู ููุงุฏู,-1
1543045455756107_1543108225749830,ุงูุด_ูุงุฏ ุงุจูุฎ ุตูุญุฉ ุดูุชูุง ุจุญูุงุชู ููู๐,-1
1542883989105587_1543021735758479,ุงูุด_ูุนูู ุญุจ ุฃูุงูู๐ค,-1
1543078229086163_1543165555744097,ุงููุง,-1
1542883989105587_1542890952438224,ุจุงููุงูุต ๐๐,-1
1543078229086163_1543156272411692,ุจุชุญูุง ูู_ุงููุณุงุก ูู_ุงุนูููุง ุุ ุชุนุฏูู ุงููุต ูู_ุงูุงุนูู,-1
1543045455756107_1543162735744379,ุจุชุฑูู,-1
1543045455756107_1543177035742949,ุจุชุฑูู,-1
1543045455756107_1543055605755092,ุจุชุฑูู ูุจุญููููุง ุงูุชู ุจุชุณุชุญูู ููุงูู ูุงูู_ูู ุทูุน ูุฐู ูุชุฑูู๐ ูุจุชู ุจุฎููุชู ูุจุทูุน ๐๐,-1
1543078229086163_1543088445751808,ุจุญุงูู ุงุตุฏูู ุจุณ_ุดูู,-1
1543045455756107_1543058009088185,ุจุญุทู ููููุง ูุจุฏุนูุณ ูุจุทููู ุงูุซููู,-1
1543045455756107_1543222002405119,ุจุญูููุง ุญุธุงู ุงููุฑ ๐๐๐,-1
1543045455756107_1543077052419614,ุจุญููููุง ุทูุจ ูููุญ ุดู ุงุณูููู ๐ธ,-1
1543045455756107_1543103082417011,ุจุญููููุง ูุงู ุญุจูุจู ููุณ ุฒูุฌู  ููุง ุทูุฑู  ูุทุจุนุง ุจููู ุฑููุงุงู ๐๐โ,-1
1543045455756107_1543062175754435,ุจุญููููุง ูู ุดุขูููู ูู ุงุฑุถูู ู_ูุงู ูุงูู ุฌูุจู ููุง ๐๐,-1
1543045455756107_1543058322421487,ุจุญููููุง ูู_ููู ูุงู_ุญุจูุจู ุงู ุญุจูุจ ุบูุฑู ุงูููู_ุงูู ููุง ุฌูุฒู ูุฑุญ_ูููู ุจุนุฏ_ุดูู ุจุจูุช ูุงุญุฏ ูุน_ุจุนุถ ูุงูุชู ุงุฑุฌุนู ูุญุถู ุงููุงูุง ุดููููู ุญุจูุจ ุชุงูู ุชูุณู ููู ุญุจูุจู ูุฒูุฌู ๐... ูุบูุฑ ููู ุจุญููููุง ูู ุนุฑู_ููู ูุฎุชุงุฑ ูููู ุฑุญ_ุงุญุทู ุจููุจู ูุนูููู  ููู ุจุชุญุจ ุงููุนูุน ูุฐุง_ุงููุนูุน ูุนูุนูุง  ููุฐุง_ุงููุนูุน ูุนูุนูุง ูุง ุงุจุง ูุฐุง_ุงููุนูุน ูุนูุนูุง  ุญุจููุง ูุงุชููุนูุง ุงุชูุฑููุง ูุงุชุฌูุนูุง  ุฑุงุญูุง ุงุญุจุงุจ ูุงุฌูุง ุงุญุจุงุจ  ูุง_ุจุฏุฑู ุงูุด ุงูุงุณุจุงุจ ๐๐๐๐,-1
1543045455756107_1543047439089242,ุจุญููููุง ููููููููุง ุงุฎุฏุชู ููู ๐,-1
1543045455756107_1543051739088812,ุจุญููููุง ูุง_ุญุฑุงู ุชุฑูู ูุชุฒูุฌูู . ๐ฐ๐ฐ๐ซ,-1
1543045455756107_1543135609080425,ุจุญููููู ูุงุช_ูู_ูุตุงุฑู  ููู ุฏูุนุชูู ุงููู_ูุจุงุฑููู ูููุง ๐๐๐๐๐๐๐,-1
1543045455756107_1543048975755755,ุจุญูููู ุงูุงูู ูุง_ูุงุจููู ู_ุจุนุถ  ูุฑุญ ุงุญุท ุงุบููู ูุด_ุนู_ุชุฒุจุท_ูุนู ุงุนุดู ุบูุฑู ูุง_ูุงููู  ูุงุฑูุต ุงูุง_ููุงู ุงุฌุงุฆุฑูุง ๐๐,-1
1543241149069871_1543241742403145,ุจุญู ุงููู ุงูุถุจู ุจุจูุชู,-1
1543078229086163_1543142439079742,ุจุฏู ุชูุญุต๐ถ๐ถ,-1
1543241149069871_1543245175736135,ุจุฏู ุญู ูู ููุณู_ุงุนุฑู ุงูุง ุงุฒุง ูุชุฒูุฌู ูู ูุญุชุฑูู ุฒูุฌู ูุจุชุฎููู ูู ุงูุชุญุฑู ุชูู _ุน_ุงุดูุงูู,-1
1543067545753898_1543128945747758,ุจุฏู ุฑุฃู ! ๐๐๐๐,-1
1542625972464722_1542627599131226,ุจุฏูุฑ ุน_ุดููู ููุน_ููู ๐ข๐ข,-1
1543169945743658_1543189432408376,ุจุฏูุด_ุงููู,-1
1543169945743658_1543188819075104,ุจุฏูุด_ุชููู ููุง_ุชุดุชููู,-1
1543078229086163_1543112569082729,ุจุฑุถู ูุงููู_ูุฐุงุจูู ุทุงู ุนูุฑู ๐,-1
1543045455756107_1543090002418319,ุจุฒููู ูุน_ุจุนุถ  ุณู ูุงุช๐,-1
1543078229086163_1543098262417493,ุจุณ_ุจูุงุงุงุด,-1
1543078229086163_1543094929084493,ุจุณ_ุจูุงุด,-1
1543078229086163_1543123775748275,ุจุณ_ุจูุงุด,-1
1543078229086163_1543118005748852,ุจุณ_ุจูุงุด โ๐๐,-1
1543078229086163_1543086579085328,ุจุณ_ุจูุงุด ุญุฏุงุง ูุณูุนู ู ูุตุฏูู๐๐,-1
1543200225740630_1543222245738428,ุจุณ_ูุง_ููุฌู ุงุจู ุจูุทููู ูุดูุฎ ูุนูู ููุดู ูุญุจูุจุชู ุนูู ูุงูุจูุณุช,-1
1543045455756107_1543051049088881,ุจุณูุท ุณูุงูู ุน_ุทูู,-1
1543146485746004_1543168889077097,ุจุดุดุดุดุดุดุดุด ูุงููู ุจุนูุงุงุง ููุณูุงุงุง ๐๐๐๐๐Hamodi Rasmi,-1
1543146485746004_1543190159074970,ุจุตุฑุงุญู ุน_ุดูู ููุช_ุจุฏู ุงุนูุท .. ุจุณ_ูุทูุช ุงูู ุฌูุนุงูู ููุช ุจุฑูุญ ุขูู ๐๐๐๐,-1
1543045455756107_1543073929086593,ุจุตูุฑ ุงุนูุท ๐ธ,-1
1543045455756107_1543224299071556,ุจุถุฑุจู ูกูููู ุทูู,-1
1543045455756107_1543068399087146,ุจุทุฎู ุจุงูุตุงูุฉ ู ูุงู_ุงููู_ุบููุฑุง_ุฑุญููุง ๐,-1
1543045455756107_1543051575755495,ุจุทูู,-1
1543045455756107_1543046045756048,ุจุทูููุง ๐,-1
1543045455756107_1543257599068226,ุจุทูููุง ุนูู_ุณุฑูุน,-1
1542625972464722_1542629599131026,ุจุนุฏ ุจุฎุฒูู ุงูุณูู ููู ูุง_ุจูุดุงูู ุจุงูุนูู ุงููุฌุฑุฏู,-1
1543045455756107_1543047862422533,ุจุนุทููุง  ุตููุฉ ๐๐๐๐๐,-1
1543045455756107_1543126265748026,ุจุนูู ุดุงู ุจุฏูู_ุณูุฑ ๐ธ๐ธ,-1
1543045455756107_1543239385736714,ุจุนูู ูุงุณู ูููู ุจูุนุฏ ุฃุฏุฎู,-1
1543056779088308_1543189342408385,ุจุนูู_ุงููู ๐๐๐๐๐,-1
1543067545753898_1543105759083410,ุจุบุงุฑ ุงูุชุฑ_ูู_ุงูุงุฒู,-1
1543045455756107_1543210275739625,ุจูุชุญ ุฑุงุณู,-1
1543045455756107_1543176242409695,ุจูุชุญููุง ุนูู ุงุบููุฉ ุงูุณ ุนูู_ูู ุงูุจูุงุช๐ููุฆุงูู ุงูุงโ๐,-1
1543045455756107_1543054089088577,ุจูุจุฑูุง ูู ู ุฅูุงู  ู ูุญุจู ุจุนุถ ุนุฑุงุญุชูู ุจุงูุงุฎุฑู,-1
1543045455756107_1543142119079774,ุจูุตู ุนูุฑูุง ๐  ุจูุณุฑ ุงูููุตุฉุฉ ุน_ุฑุงุณูุง ๐โ,-1
1543045455756107_1543245139069472,ุจูููุง ุฎุฏูู ุชูุฌู ุชุฑูุตู ูุนู  ุงูุง_ุณูุงูุฉ  ุนุดุงู_ุชุนุฑููุง ุงูู ูุด_ุญุงุฑูุชูู ูู_ุงุดู,-1
1543045455756107_1543053762421943,ุจููููุง ุญุจู_ุจุฑุต ููุณุง_ุตุงุฑ ุฌูุฒู. ูุง_ูู ูุดููู ููุงุฏ_ุงููุนูุน ูุนูุนูุงุงุงุงุงุง ๐๐,-1
1543045455756107_1543085929085393,ุจููููุง ุนุงุฏู ุงูุชู_ูุซู ุงูุจูุงุก ุจููุชูู ู ุงูุง_ูุซู ุงููุฒูุฑ ุจุฏุดูู ๐ค๐๐,-1
1543078229086163_1543102769083709,ุจูุง_ูุฐุจ,-1
1543241149069871_1543253112402008,ุจูุงุด ุฎุฑุงุจ ุฏูุงุฑ ุฎูููู ูุน_ุฌูุฒู ูููุงุฏู ูุงูุง ูุชูุฏูู ุน_ุงูููู ุงูู_ุฎููุชู ููู,-1
1543200225740630_1543207439073242,ุจูุดูุง ูุฎุฑุท_ุน_ุจุนุถ,-1
1542883989105587_1542943985766254,ุจูุฏููู ุฎูู ุงูุทุฑูุงุช ูุฎูู ุงูุดุจุงุจูู,-1
1543045455756107_1543063749087611,ุจูุฒู ุจุฑูุต ูุนุง ูุฏุงููุง ุฌูุฑ ูููุง๐๐,-1
1543045455756107_1543070725753580,ุจูุฏููุง ุงุบููุฉ ุชู ุงููุตูุจ,-1
1543245745736078_1543258575734795,ุชุง ูุดุชุบู ุงุญูุง๐๐,-1
1543045455756107_1543240409069945,ุชุงุฎุฏู ูุชูููุน ูู ูุงูุงู,-1
1542624792464840_1543107915749861,ุชุฎูุต ุฏุฎุงู ๐๐,-1
1543067545753898_1543177795742873,ุชุฑูู๐,-1
1543078229086163_1543157379078248,ุชุนุงู_ูุง ุงุฏูู ุนู_ุฎุงุต ุงูููู ูููุด ุชุนุงุงุงู,-1
1542624792464840_1542639229130063,ุชุนุจุงู,-1
1543146485746004_1543193872407932,ุชูุงูุฉ ูุด_ุทุจูุนูุฉ ุงูุชู_ููุงูุง ๐ ูุญูุง ูุงููุง ูุฎุงุฑ ููุณุฑ_ุจุนุถู,-1
1543241149069871_1543252275735425,ุชููููููู,-1
1543078229086163_1543079899085996,ุชูุช ูุฑุงุกุชู ูู_ูุชุงุจ ุฃุจู ูุณูููู_ุงููุฐุงุจ ๐,-1
1543241149069871_1543253482401971,ุชูุฑุดุฑุด ุชูุฑุดุฑุด   ูุฑุจูุงุช ุฃุฌูุงู  ุนุงูุชูุฉ ๐ธ๐ธ ุญุฑุงู ุชุฒูุฌู ุงูุชู ูุชุฎููู  โโ,-1
1543241149069871_1543259172401402,ุฌุจุชููู ุฌูุทู ูู_ุฐุงูู ููุฑ,-1
1543078229086163_1543083895752263,ุฌุฏ ููุด ๐,-1
1542625972464722_1542626882464631,ุฌุนุงู,-1
1543241149069871_1543251342402185,ุฌููู ุงูุทุฑูู ุงูุงูุซู ๐ธ๐,-1
1542624792464840_1542631842464135,ุฌูุน ููุฌุน_ุฑุงุณ ุจุงูุงุถุงูุฉ ูุฒูู ูููู ุงุดูุงุก ุชุคูู_ุฌุฏุง,-1
1543146485746004_1543190832408236,ุญุงุฒู ุนุฏููู ุญูููุง ุงููุดููุฉ๐,-1
1543214122405907_1543220362405283,ุญุงุณุณ ุงูู _ูู ูุตููุฉ ุงููุดุงุทุงุช,-1
1543078229086163_1543092175751435,ุญุงููุช ุงุตุฏู ูุงุจูุนูุง ูุงุดุฑุจ ูุฑุงูุง ูู ูุจุจุณู ููุงุจุชุดููู ููู_ุงุดู ููุงุฒุจุทุช ููุฒูู ุจุฒูุฑู ูุด_ุฑุงุถูู ุชูุจูุน,-1
1543067545753898_1543094962417823,ุญุจ ุุ ุจุฏูู ุณุณูุฉุฉ ุุ ููุด ุญุจ ูุงุฏุง  ุน_ูู_ุญุงู ูุง_ุชุนููู ุดู ูุฎููู ูุดูู ๐๐,-1
1543067545753898_1543071499086836,ุญุจุชู ุนูุฑุจุฉ๐๐,-1
1543045455756107_1543109845749668,ุญุจูุจ_ุงููู ูุชูู_ุฏููู ููุงูุชูุงูู ุงูู ุงูุชูุง_ูููุง,-1
1543200225740630_1543209349073051,ุญุฑุงู ุงููุฐุจ,-1
1543056779088308_1543158005744852,ุญุฒูู,-1
1543045455756107_1543049969088989,ุญุณุจ ุดู ูุตุฏุงููุฉ ุงูุฎุจุฑ ุงุฐุง ุตุญูุญ ุจุทูููุง ููู ูู ูุตุฉ ูุนูู ๐๐,-1
1542624792464840_1543092445751408,ุญุณุจ ุนูู ุงูููุณ ุงุฐุง_ูุงู ุดุฎุต ูุนุฌุจ ุจุดุฎุตุต ููุง_ูููู ุงูุง ุงู ูููู ุงูุถุง ูุนุฌุจ_ุจู,-1
1543078229086163_1543080675752585,ุฎุงุตุฉ ุงูุง๐ค๐ธ,-1
1543078229086163_1543160955744557,ุฎุงู ุญุงููุช ุงููููุง ู ุงุตุฏู  ุจุณ ูุง ูุฏุฑุช ููุช ุงุฌูุจู ุชุดุฑุญูู ุงูุงูุง Mohammad Marie,-1
1543241149069871_1543244639069522,ุฎุงููู,-1
1543169945743658_1543177849076201,ุฎุฏ_ูุนู ูุฒูุฉ ุฌุฑูุญ,-1
1543078229086163_1543098845750768,ุฎุฏูู ุงููุฐุจ ๐๐ ููุชู ุจุชุญุจู ูุนูุง ุงูู_ูุญุฏู ุญุชู ูู ุฃููุง ูุณุชูุง ุญููุงุช ุจุชุญุจููู ๐,-1
1543078229086163_1543162405744412,ุฎุฑูู ุจุญุงูู ูููุน ุญุจูุจุชู ๐๐๐,-1
1543241149069871_1543245039069482,ุฎุฑูู ูุงููุณูุช ุจุฎูุท ุงูุชู_ููุงู ุญุฑููู ุญูุงู,-1
1543078229086163_1543114985749154,ุฎู ุนูููุง ูุง_ุงุจู_ุนููู ูุฑุฉ ุงุฑุถูุฉ ุงูุชุงุง๐,-1
1543169945743658_1543171979076788,ุฎูู ูุจุฑูุงุฆู ูููุนู,-1
1543078229086163_1543210639072922,ุฎูููุง ููุชุญ ุงูุตูุญุงุช ุงููุฏููุฉ ๐ ูุงูุญูู ุตุญ_ููุง_ูุน,-1
1543169945743658_1543188642408455,ุฎูุฏ_ูุนู ููุฏ ^_^,-1
1543078229086163_1543083162419003,ุฏุดุฑู ูุฑุงููุง ููุดููู ๐,-1
1543078229086163_1543093295751323,ุฏูููุฉุฉ ุงุตุฏู ูุงุฑุฌุน ๐๐,-1
1543078229086163_1543095395751113,ุฐูุฑุชูู ุจูุฐุจุช ุญููุช ุงููุงุฌุจ ุจุณ ูุงููู ูุณูุช ุงูุฏูุชุฑ,-1
1543078229086163_1543210292406290,ุฑุฌูุฃููู ุญูุจู ูููููููุชููู ุฃูููููููุณุฃูุก ุฃููู ููููููู ุฆุฃููู ุจูููุฃูููุจููู ูููููููููููููููููู ููููุณุชูุญูููููููู ููุดู ุฆุฃูุฏูุฑูู ุฃูููุชูููุนู ๐๐๐๐๐๐ ููุฃูููุฃูููุฃูุฃูููุฃูุฃู ุฆูููููู ุฃููููู ููุฒููุญูุญูุญู,-1
1543078229086163_1543207215739931,ุฑุฌุงู ูุด_ูุณุฏุก ๐,-1
1543045455756107_1543052709088715,ุฑุญ ุฃุญููููุง ููุง ูููู ุญุจูุจุชู ุฑุญ ุฎููู ุจุนูููู ๐๐๐๐,-1
1543045455756107_1543131305747522,ุฑุญ ุงุญููููุง ุงุฎุฏุชู ููู ูุญุทููุง ูููู ุจุชุญุจ ุงููุนูุน ููุงุฏ ุงููุนูุน ูุนูุนูุง ูุงูุฒุฒุฒ ุงูุง ูููููู ูููุงุงุงุง^,-1
1543241149069871_1543243799069606,ุฑุฎูุตุฉ ูุฎุงููู ุงุฑูู ูู_ุงูุฑุจ ูุฒุจูุฉ ุงูุชู ููุงู,-1
1543045455756107_1543047299089256,ุฑุฏูุฏ ุนูุณูู ุฑุญ ุชููู ุจูุงุช ุฑุญ ูุญูู ุงุดู ูุดุจุงุจ ุงุดู ููุง ุดุจุงุจ ุจุทูู ูุจูุงุช ุจุทุฑุฏููุง ูุง_ุจุนุฑู ุงุญูุง ุดุนุจ ุดุฑูู ุจุบุงุฑ ูุจุญุจ ุชููู,-1
1543078229086163_1543105919083394,ุฑูุฒูู ุน_ููุงุฐุง,-1
1543214122405907_1543256005735052,ุฑูุญ ูุงู ุงูุช ูุฃุญูุงูู ุงูุจุงุฎุณู,-1
1542625972464722_1542628309131155,ุฒูููู ๐ธ๐ธ,-1
1543241149069871_1543250765735576,ุณุงุฑููุชุง ูุน ุงุญุชุฑุงูู ููุงุฏูู ููุน ุงูุงุนุชุฐุงุฑ ููู ุงูููุฌูุฏูู ุจุงูุจูุฌ ุงูุชู ููููุฉ ูุนุฏููุฉ ุดุฑู ุจุณ ุงููุงุฌุจ ุงูู ุชููุชู ุญุฑู ูุงูู ุจูุง_ุดุฑู  ุณูุงู,-1
1543078229086163_1543154962411823,ุณุจุญุงู_ุงููู ๐ ุงูุงุฎูุงุต ูู_ุฏููู,-1
1543078229086163_1543089472418372,ุณุจุญุงู_ุงููู ูุฃูู ุตุฏูุช,-1
1542860079107978_1542862762441043,ุณุจุน ุณุจุน  ุฒู ุฒูู  ุจุณ_ุงูุง ุณุงูุจ,-1
1543078229086163_1543177912409528,ุณูุจูุงู_ุงููู,-1
1543078229086163_1543151195745533,ุณูุจูุงู_ุงููู ๐,-1
1543078229086163_1543182469075739,ุณููุจูุงุงู_ุงููู ๐ฎ,-1
1543078229086163_1543114475749205,ุณูููุจูุงุงู_ุงููู ๐๐  ูู_ุงุตุฏู โโ๐,-1
1543045455756107_1543046019089384,ุดุงู,-1
1542625972464722_1542629865797666,ุดุบู ููุนูุจู ุงูุดุบู ๐ด,-1
1543067545753898_1543119435748709,ุดู ููุง_ูุฑุถ ๐ค๐ค,-1
1542961495764503_1542964849097501,ุดููู ุงูููู ูฉ ูุฒู,-1
1543241149069871_1543257152401604,ุดููู ุฌูุฒู. ูุงุงุก ูุงุงุงุก ูุงุก,-1
1542883989105587_1542898465770806,ุดู_ุจุฏู ุจูุงูุบูุจู,-1
1543078229086163_1543251069068879,ุดู ูุฐุจู_ููุณุงู ุนุงูุจููุฑ ๐๐,-1
1543056779088308_1543058999088086,ุดู_ููุน ุงูุณูุงุฑุฉ๐,-1
1543146485746004_1543175012409818,ุดู_ูุงููุจู,-1
1543078229086163_1543101849083801,ุดูู ุจุณ ูุตุฏู,-1
1543078229086163_1543156145745038,ุดูู ูุจุตุฏู ๐,-1
1543078229086163_1543243582402961,ุตุญูุญ ูููู ูุชู ุจุนูููู,-1
1543067545753898_1543104562416863,ุตุฑูุงูุฉ ุนูุฌูู ูุงูู ุงูุดู ุจูุชู ุตุงุญุจูููู ูุงูุชู ุงุชุฑููู ูุงูู ูุง_ุฑุญ_ุชุฑุชุงุญู ูุนู ๐๐๐,-1
1542883989105587_1542906239103362,ุตุนุจู,-1
1542624792464840_1542625245798128,ุตุนุจู,-1
1543146485746004_1543149382412381,ุทุจ ุงุญููููุง ูุงูุญูู ! ุดู ูุงููุจูุ!,-1
1543146485746004_1543244805736172,ุทุจ ุงุญูุง ุดู_ูุนูู ูุชูุง ุุ ูุงูุญูู ุงุญููููุง ุงูุงู ูุฎูุต ุนุงุฏ,-1
1542624792464840_1542646422462677,ุทุจุนุง_ูู ....  ูุฌุน ุงูุณูุงู ุงููู ููุถุญ_ุนุฑุถู,-1
1543067545753898_1543070072420312,ุทุนุฌูู,-1
1542624792464840_1542976212429698,ุทูุจ ูู_ุงุตุนุจ ูู_ุงูู ุชูููู ุจููุงุงู ูุญุงุงูู .. ููุนู ุฏุฎุงู ููุด_ูุนู ูุฏุงุงุญุฉ ๐ข๐ข ูู_ููุจ_ุงูุญุฏุซ ๐๐๐,-1
1543045455756107_1543081265752526,ุนุงุฏู ุงูู_ูุงุช_ูุงุช  ููู,-1
1543067545753898_1543171702410149,ุนุงุฏู ุจุตูุฑ ูุชุนุงูู ุจุงูููุจูุงูุงุช๐๐๐,-1
1543045455756107_1543100125750640,ุนุงุฏู ุจูููู ุฎุฏูุง ููู_ูุฒูู,-1
1542624792464840_1542933182434001,ูุงุงุงุงุงุง ุงุตุนุจ ูุฌุน,-1
1543241149069871_1543247635735889,ูุงุฒู ูุญุฑูู ููุชู ุนุงูุดุฉ,-1
1543078229086163_1543139389080047,ูุงู ููู ุ ุงุญูุง ุถุฏ ุงูุทุจูุนุฉ ๐ธ,-1
1543078229086163_1543132349080751,ูุงูุง ุงูููุง ูุด_ุฒู ุงูุบุฑุจ ุฎูู,-1
1543078229086163_1543157845744868,ูุงูุง ูุจู,-1
1543078229086163_1543180112409308,ูุงูู ุงูุช ููุช ูุด ููู,-1
1543078229086163_1543255852401734,ูุงูู ุจุชููุด ุดุงูู ุงูุง ูู ูุญุฏูุง,-1
1543078229086163_1543099322417387,ูุงููู ุงูููุงุก,-1
1543078229086163_1543244932402826,ูุงููู ูุฐุงุจูู,-1
1543078229086163_1543200209073965,ูุงููุง ุญุชุณูุฏ ุนูุดู ู_ุฌููู ๐,-1
1543078229086163_1543080372419282,ูุงูู_ููู,-1
1543078229086163_1543085185752134,ูุงูู_ููู ๐ธ,-1
1543078229086163_1543091325751520,ูุงูู_ููู ๐๐,-1
1543078229086163_1543152419078744,ูุญุงูู ูุง_ุจุงุดุง โ ุชุฌูุนุด ๐ธ,-1
1543241149069871_1543247115735941,ููุงุณู ุงูู ุดุจูู ูุณุฎุช ุณูุนุช ูุณูุงู ูุชูุฑ ุชูู ุนูู ุชุฑุจุงูุชู,-1
1543078229086163_1543095792417740,ููุงุฐุง ุงูุงุฏูู ููุฐุจ ๐๐,-1
1543078229086163_1543124989081487,ููุงุฐุง ุงูุชู ุงูุฑุฌุงู ุจุชูุฐุจูุง ุญุชู ุจูุงู!?,-1
1543078229086163_1543114292415890,ููุงุฐุง ุงูุชู ุชูุฐุจูู  .  ุจูุงุฏ ุงูุจูุณุช,-1
1543078229086163_1543089169085069,ููุงุฐุง ุงูุชู ุชูุฐุจูู ๐๐๐๐๐๐๐๐๐๐๐๐๐๐๐,-1
1543078229086163_1543176459076340,ููุงุฐุงุ๐,-1
1543078229086163_1543084745752178,ููุฏุฉ 3 ุฃู 5 ุฏูุงุฆู ุจุณ ๐๐๐๐,-1
1543078229086163_1543088215751831,ููุฏุฉ ุฏูููุชูู ู ุจุนุฏูุง ุจูุฑุฌุน ูุงุตููุง ๐ธ๐ธ,-1
1543045455756107_1543066885753964,ูููุชู ุจูุฌู ููุชู๐,-1
1543241149069871_1543249402402379,ููููู ุจุชุฎุงูู ูู ุนูุงุจ ุฑุจ_ุงูุนุงูููู ูุง_ุจุชุนููู ููู,-1
1543045455756107_1543105195750133,ูู ุฃุถู ูููู ุงูุนุฑุณ ูุด_ุนุงุฑู ูุงุถููุง ูุจู ูุง ุงุฎุทุจูุง ุจููู ุฌุงูุจ ุฎููุฑุชูุง ๐๐,-1
1543078229086163_1543254159068570,ูู ูุชูููู  ุงูุง ูุง_ุงุณูุน ุฌูุฏุงู ู ุงูููุงู_ูุธูู ูุง_ุงุฏูู,-1
1543169945743658_1543170565743596,ููุชุง ูุฌุฑุฏ ูุงุฏ ุงูุชูููุฑ ุฌุฑุญุช ูุจุฑูุงุฆู ูุนุทููุชู ๐ช๐ช,-1
1543078229086163_1543232095737443,ููู ุงูุงูุจู ุงููู ุถุงุญู ุนููู ุจูุงูุญูู๐๐๐ุุุ,-1
1543078229086163_1543129125747740,ููู ุงูู ุจุญูู ููู ูููู ุจุฏู ุดูููู ุถุฑูุฑู ูุญูู ุจูููููููุถูุน ูุงุงุงุฏ ุงุฒุง_ุตุญูุญ ู_ููู_ููุจู ุงูุง_ุจุณ  ุฐุจุญุชููู^,-1
1543078229086163_1543135502413769,ููู ุงูู ุทูุน ูุงู ุงูุงุดุงุนู ๐๐,-1
1543078229086163_1543087432418576,ููู_ุญูุง๐,-1
1543078229086163_1543119219082064,ููู_ุญูุงูู ูุงูุญูู ููู ุงูุดุจุงุจ ุงูู ุญุจู ูุญุฏุฉ ุจุชููุชุญ ููุณู ูุจุญุจ ูู ูุณูุงู ุงูุงุฑุถ ุญุชู ุงููู ุจููุฌุง ุงูุนุฌุฒุฉ,-1
1543078229086163_1543197882407531,ููู_ุณููุฑ ๐ค๐,-1
1543214122405907_1543216555738997,ููู ูุฒุงุฑ_ูุจุงูู ุน ุงูุฎุท,-1
1543200225740630_1543248309069155,ููู ูู ุทูุจ ุงุญููููุง ุุ,-1
1543078229086163_1543160599077926,ููููููููู ๐๐๐๐,-1
1543078229086163_1543156059078380,ูุงููููู ุงููุฒูู,-1
1542883989105587_1542886809105305,ูุฑูุต ูุซูุงู๐ุ ๐๐,-1
1543078229086163_1543083092419010,ูุฒุงุงุฑ ูุฐุงุจููู ููููู,-1
1543241149069871_1543244222402897,ูุดุงููู ุจุนููููู ุน ุญุจู ูุดููู ูุง_ุฑุฎูุตู ุงูู ุจุชุฎูู ุฌูุฒูุง ุญุฑููุง ุญูุงู,-1
1543078229086163_1543079709086015,ูุตุฏูุช ูู_ูุชุฑ ุงููุฒุจู ๐ง๐ง,-1
1543119012415418_1543120355748617,ูุถุญู ููุง_ุดู,-1
1543146485746004_1543197802407539,ูุนู ุงููุง ูุดููุฉ ุดูุฎุงุก ุชุญุชุงุฌ ููุนุฏุฉ_ุนุฑุจ ู ูุฑู ูู_ุงููุฐูุจ ูุง_ูุฐุง ุ ุญุถุฑู ุงูููุงุณู ๐๐๐๐๐๐๐,-1
1542624792464840_1542825132444806,ูุนู ุตุญูุญ ูุฌุน ุงูุทูุงุญูู,-1
1543119012415418_1543177585742894,ููุงูู ุงูุง ุจุนูุฏ_ูููุงุฏู ูุง_ุญุฏ ุชุฒูุฑ ููุง_ุญุชู ุนุงูุฏ ุนูู๐ข๐ญ,-1
1543078229086163_1543078755752777,ูุง !  ููู ูุงุฏ ! ุงูู ูุงุฏ !  ููู ูุงุฏ ! ๐ธ,-1
2175444775831264_2175499735825768,ุญูุงุฏุฉ ุญุงูู ุชุญุณู ูู ููุงูู ุฎูู ๐,-1
2175444775831264_2175498955825846,ู ุญุฏ ุฒุนููู ุฃุฎู ุฌูุงุฏ,-1
2175444775831264_2175493932493015,ููุง ุชุฎุตุต ุฎูู,-1
2175444775831264_2175491875826554,ููู ุงุณูุช,-1
2175444775831264_2175490845826657,ูู ุงูู ุฎูู,-1
2175444775831264_2175490132493395,ุงุณูุช ููุงู,-1
2175444775831264_2175487129160362,ููุนุนูุนู,-1
2175444775831264_2175486229160452,ุดุงูููุง ุดู ูุดุงู ูุง ูุชุฑุงูู,-1
2175444775831264_2175484659160609,ูุง ุณูุงู ูุน ุงูุนุฏู,-1
2175444775831264_2175481452494263,ููู ุจุนุฏ ุญูู,-1
2175444775831264_177430806170191,ูุงู ูุฏุณ ุน ุงูุทูุงู ูุงุฑุงุญ ูุดูููุง,-1
2175444775831264_163100827761922,ูููู ุดุงูู ุฑูุญู ุงููุงุณ ูุจุถู 100 ุดููู ููููู,-1
2175444775831264_2175498655825876,ูุงุถู ุงูููุฑุฌุงู ูุงููู ุญููุชู ุงูุซุฑ ูููุง,-1
2175444775831264_177437512836187,ุฅูุฎูุฏ,-1
2175444775831264_1467582416689822,ููุฒุนูููู  ููููุง ุงูููุงู,-1
2175444775831264_177438039502801,ูุง ูุฑุณู ูุงุถู,-1
2175444775831264_2175511615824580,ุญุฑุงู ุตูุชู ุชุนุจ ุงุดุฑุจ ููุฉ ุงุญุณููู,-1
2175444775831264_2175509905824751,ุนุงุด ุงุญูุฏ ุญูุด ูุงุฆุฏ ุจูุงุญุฒูุง,-1
2175444775831264_163116097760395,๐๐,-1
2175444775831264_163100834428588,๐๐,-1
2175444775831264_163098957762109,ููุนุช,-1
2175444775831264_2175489792493429,ูุงุชู ุงุจุงู ูุง ูุฑุซ,-1
2175444775831264_1467555540025843,ูุง ุญุฌ ูููุจ ุงููุงุณ ูุงุถูู ูุง ุดุบูู ู ูุง ุนููู,-1
2175444775831264_1467562020025195,ูุง ูุณุง 14.5,-1
2175444775831264_163113307760674,ูุงุฑุชุณ ุจุชููู ูุตููุง ุณุจุนุฉ ููููู,-1
2175444775831264_163107737761231,ุงูุชูุฏูุฑุงุช : ุงุฑุจุนุฉ ููููู ูู ุงูููุฑุฌุงู,-1
2175444775831264_163110064427665,ููุฑุฌุงู ูุชุญ ูุนููู ุุ,-1
2175444775831264_163115767760428,ูููุจ ูุงูู ููุด ููููุฑ ุงูุช,-1
2175444775831264_2175487379160337,ูุงุชู ุงุจุงู ูุง ูุฑุซ,-1
2175444775831264_177434966169775,ุงูุง ุจููู  ุญูุงุณ ุตุงุฑุช ุฏุญูุงู ูููู ูู ุฏุนู,-1
2175444775831264_2175504725825269,ุจุนุฏูู ูุญุฏุง ููุฎุฐ ุฑุงููุงุงุง ูุง ุงูุงุจุฑ,-1
2175444775831264_2175504282491980,ุทุจ ุงูุฏูุง ูุด ุงุดู ูุณุชุงูู,-1
2175444775831264_177434899503115,ูุฒุงุจูู ุญุชู ุงูุฎุงุน  ูู ุงูููุจ ุบูุฑ ุงูู ุชูุทู ุจูุง ุญูุงุฌุฑูู,-1
2175444775831264_177438236169448,ููููู ุตุฏู ุงููุดุงุนุฑ ูููุนุน ูุฒุงุจูู ูุฑุจ ุงููุนุจู,-1
2175444775831264_177437592836179,ูุง ูุงููู ูู ุชููู ุฎููู ูุงุญุฏ ูุงููุง ุญูู ููุท,-1
2175444775831264_2175471479161927,ูุชุญ ุชูุฑุถ ููุงุชููุช,-1
2175444775831264_177425192837419,ุงุณูุน ุจุฏูุด ุจุฑู ูู ูุฑุง ุดุงุดุฉ,-1
2175444775831264_163093497762655,ุณูุจู ูู ุงุฎูุงู ุญูุงุณ ูุฒุนูู,-1
2175444775831264_2175482822494126,ุงูู ุจุณูุฑ ุงูููู ุฏุงููุง ูุนูุงุชูุง ุดุฑูู ุจุงูุฌุฑููุฉ,-1
2175444775831264_163094624429209,ุงุจู ุนูุงุฑ ุชุณูู,-1
2175444775831264_2175476852494723,ููู ูุชูู ุบูุฑ ุฏุญูุงู ูุนุจุงุณ,-1
2175444775831264_163120864426585,ูุงููู ูููู ูุตุจูู,-1
2175444775831264_2175497049159370,๐๐๐ ุงูุชู ุฌุงูุจูู ูุฑุงุณุณุณุณุณู,-1
2175444775831264_2175491569159918,ูุฌูู ุงูุชููุงูู ๐๐๐๐ ูุถุถุถุถุญุชููุง,-1
2175444775831264_163104327761572,ุงุญูุง ุจููุฑุฌุงู ูุญุฏุฉ,-1
2175444775831264_2175488735826868,ูู ูุนุชุฑุฑุฑุฑุฑุฑุฑุฑู ุงูู ุจููู 11/11,-1
2175444775831264_2175488439160231,๐๐ ูุฏูู ูููู ุญูุงุณ 50 ุงูู ูู ุญูุงุณ ุทุงูุนูู,-1
2175444775831264_2175492129159862,ุงูุชุฉูุง ุชููู ุดู ูุง ููุฏ,-1
2175444775831264_2175481545827587,ูุง ูุงุณ ุงูุญูุงู ุงุญูุง ูู ุงููู ูุชูู ุงุญูุง ุจุฏูุง ูุงุณ ุจุชุฑุด ูุชูุงุช ุดูุงูู,-1
2175444775831264_177436472836291,ูุง ุดูุฎ ุงูุฎูุฏ ุจููู ุจุฑู ุฎูููุง ูุดูู ููุณ ุบูุฑู,-1
2175444775831264_163102327761772,ุงูุจุฏูู ุงู ูุงู ูุนู,-1
2175444775831264_163101614428510,ุงูุช ููู ุบุงูู ูุชุฑุถุงุด ุจุงูู ูู ุงูู,-1
2175444775831264_177429622836976,ูุง ุนูู ููููู ุฃูู ุงูุชู ุดู ุญุงุฑู ุฑุฒูู ?,-1
2175774105798331_2175822645793477,ุงููู ูุณุชุฑ ุดูููุง ูู ุญุฑุจ,-1
2175774105798331_2175790675796674,ูุนูุฉ ุงููู ุนูู ุญูุงู ุงูุณุนูุฏูุฉ ุงูุฎูู,-1
2175774105798331_2175837542458654,ูุฒููุง ูู ุงููุฐุจ ู  ุฌูุจูููุง ุจู ุนูู ู ูุฑุชู,-1
2175774105798331_2175814832460925,ุงุณุฑุงุฆูู ุงููุช ุจุทูุฎ ูุจุณูุฑ ๐ธ,-1
2175774105798331_2175871275788614,ุนูู ูููุฉ ุนุซูุงู ุงููุฑููู ุงุณุชุฑ ููู ุจุชุณุชุฑ,-1
2175774105798331_2176024079106667,ุฑูุญุช ุงูุฎุฑุง ุจุงูููุฑ ูุงุฒู ูุง ูุฎูููู ูููู ูุงุฎุฐูู ุฑูุงูู,-1
2175774105798331_2175822975793444,ุทุฑูู ุงุชูุฏู ูุง ูุฌูุจ ุจูุง ูู ูู ูุฌุงุณู,-1
2175774105798331_2175794469129628,ุฃูู ููุนุช ููุฑุง,-1
2175774105798331_2176071492435259,Nadi Abdeen ุดููู ูู ูุญุฏุฉ ุนูู ุญุฒุจ ุงููู,-1
2175774105798331_2175806812461727,ุนููุช,-1
2175774105798331_2175785582463850,ููุนุฉ,-1
2175800169129058_2176090742433334,ูุจูู ุนููู ุฎูุฒูุฑ ูุนููู..,-1
2175800169129058_2175839522458456,ุงููู ููุทุน ุญุฑูุฉ ูุชุญ ุนูู ูู ุงูุญุฑูุงุช ูุนูุง ูุงุถูุน ุงูุดุนุจ ุบูุฑูู,-1
2175800169129058_2176014285774313,ุฎุงูู ุจุฏุนู ุฎุงูู ูุงูุดุนุจ ูุงูู,-1
2175800169129058_2175852939123781,ูุง ุญูู,-1
2175800169129058_2175984845777257,ุงุดู ุจุฎุฒู ูุนูุง,-1
2175800169129058_2175815312460877,ุญุณุจูู ุงููู ููู,-1
2175800169129058_2176082119100863,ุชุงุฑูุฎ ุฎูุงูุฉ ูุงุถุญุฉ,-1
2175800169129058_2175963162446092,ูุฐุง ุฎูุฒูุฑ.... ูุฎุฌู ูู ูู ุงูุฃุดูุงู,-1
2175800169129058_2175938559115219,ุดููู ุจููุฏู,-1
2175800169129058_2175929622449446,ูุง ูุงูุน ุญุงุฒู ููุง ุนุทุงููู ููู ูุบุงุฏ,-1
2175800169129058_2175984029110672,ุจุดุชุบู ุดุบู ูุฑุชุจ ูุดูููู ูููููููู ูุฎุชูู ูุงูู,-1
2175800169129058_2176006259108449,ูุง ุญูู ุนูู ุงูุฑุฌุงู ุงููู ูู ุฎุฏูุช ุงูุนุฏู,-1
2175800169129058_2175829319126143,ูุง ูููู ุงู ูุตุฏุฑ ูุซู ูุฐุง ุงูููุงู ุนู ุฅูุณุงู ูุทูู ููุณุทููู ุงูุฅูุชูุงุก,-1
2175800169129058_2175924215783320,ุงุญุชูุงู ูููู ูุฑูุซ ุงุจู ูุงุฒู,-1
2175800169129058_2175984082444000,ุนููู,-1
2175800169129058_2176011105774631,ุงูุนุฑุจ ูููู ุฎูู ูุนูู ุฑุงุณูู ุงูุฑุงุก ุงูุณุนูุฏูุฉ,-1
2175800169129058_2175975932444815,ุญุงุฒู ุนุทุงููู ุงูู ุงูุฎูุฒูุฑ ุงุจู ุงูุฎูุฒูุฑ ุงููููุฏู ุจุงูููุงูู,-1
2175800169129058_2175975785778163,ุงูููู ูุชุญ ูููุง ุนูู ุดุงููุฉ ุนุทุง ุงููู,-1
2175800169129058_2175977739111301,ูุซู ุงุจูู ุงูุฎูุงูู ุจุฏูู,-1
2175800169129058_2175905752451833,ุฃุจูู ุณูู ุงููุนุงุฑุถ ุงูุณุนูุฏู ูุงุตุฑ ุงูุณุนูุฏ ููุฃููุฑ ููุฏ ููุงุจู 5 ููุงููู ุฏููุงุฑุ,-1
2175800169129058_2175900125785729,ูุง ุญูู ููุง ููุฉ ุงูุง ุจุงููู ุงูุนูู ุงูุนุธูู,-1
2175800169129058_2176060869102988,ุนุดู ุงุจููุณ ุจุงูุฌูุฉ,-1
2175800169129058_2175867109122364,ูุนูู ูู ุงูุขุฎุฑ ููุจ ุงุจู ููุจ .ูุจูุดุชุบู ุนูุฏ ููุจ ..ุดู ุจุฏู ูุทูุน ููู ..ุจุณ ูููุตู ูุบุฒุฉ ุจุนุฏูู ุจูุชูุงูู....,-1
2175800169129058_2175819702460438,ุงููู ูุฎุฒูู,-1
2175800169129058_2175851169123958,ูุงุญุฏ ูู ุงู ุงุฑุจุนูู ุญุฑุงูู ุชุจุนูู ุนุจุงุณ,-1
2175800169129058_2175835465792195,ุญุงุฒู ุนุจุฏ ุงููู ุงูุฎุงูู ุงูุตููููู,-1
2175800169129058_2175851202457288,ูุนูู ุฎูุฒูุฑ ูู ุฎูุฒูุฑ ุทุฒ ูููู,-1
2175800169129058_2175834642458944,ูุงุฏุง ููุจ ูู ูุงูููุงุจ,-1
2175800169129058_2175823735793368,ุฌุฑู ุงุจู ููุจ,-1
2175902055785536_2175943799114695,ุงููู ูุฎุฒูู,-1
2175932589115816_2176008972441511,ูุงููู ุทุฒุทุฒ ูุงุญุฏ ููุจ,-1
2175932589115816_2175939879115087,ูุงู ูุนุฌุจูู...  ุงูุขู ุณูุท ูู ุนููู,-1
2175932589115816_2175962899112785,ููุจ ุฅุจู ููุจ,-1
2175932589115816_2175934375782304,ูุนูู ูุงููุง ูุงููู ุฎุจุฑู.. ููุจ ูุซู ุจุงูู ูุงูููุงุจ,-1
1596244930436159_1596347997092519,ุงุณุฃู ุงููู ุงูุนุธูู ุฑุจ ุงูุนุฑุด ุงูุนุธูู ุงู ูุดููู ุงูููู ุฑุจ ุงููุงุณ ุงุฐูุจ ุงูุจุฃุณ ุงุดู ุฃูุช ุงูุดุงูู ูุง ุดูุงุก ุฅูุง ุดูุงุฆู ุดูุงุก ูุง ูุบุงุฏุฑ ุณููุง,1
1596244930436159_1596302510430401,ุงุณุฃู ุงููู ุงูุนุธูู ุฑุจ ุงูุนุฑุด ุงูุนุธูู ุงู ูุดููู ุงูููู ุฑุจ ุงููุงุณ ุงุฐูุจ ุงูุจุฃุณ ุงุดู ุฃูุช ุงูุดุงูู ูุง ุดูุงุก ุฅูุง ุดูุงุฆู ุดูุงุก ูุง ูุบุงุฏุฑ ุณููุง,1
1596244930436159_1596376937089625,ุงุณุฃู ุงููู ุงูุนุธูู ุฑุจ ุงูุนุฑุด ุงูุนุธูู ุงู ูุดููู ุงูููู ุฑุจ ุงููุงุณ ุงุฐูุจ ุงูุจุฃุณ ุงุดู ุฃูุช ุงูุดุงูู ูุง ุดูุงุก ุฅูุง ุดูุงุฆู ุดูุงุก ูุง ูุบุงุฏุฑ ุณููุง,1
1596244930436159_1596427203751265,ุงุณุฃู ุงููู ุงูุนุธูู ุฑุจ ุงูุนุฑุด ุงูุนุธูู ุงู ูุดููู ุงูููู ุฑุจ ุงููุงุณ ุงุฐูุจ ุงูุจุฃุณ ุงุดู ุฃูุช ุงูุดุงูู ูุง ุดูุงุก ุฅูุง ุดูุงุฆู ุดูุงุก ูุง ูุบุงุฏุฑ ุณููุง,1
1596244930436159_1596354310425221,ุงุณุฃู ุงููู ุงูุนุธูู ุฑุจ ุงูุนุฑุด ุงูุนุธูู ุงู ูุดููู ุงูููู ุฑุจ ุงููุงุณ ุงุฐูุจ ุงูุจุฃุณ ุงุดู ุฃูุช ุงูุดุงูู ูุง ุดูุงุก ุฅูุง ุดูุงุฆู ุดูุงุก ูุง ูุบุงุฏุฑ ุณููุง,1
1596244930436159_1596246183769367,ุงูู ุณูุงูู ุนููู  ูุงููู ููุฑุฌูุง,1
1596244930436159_1596365423757443,ุงูู ุณูุงูู ุนููู ุฑุจู ูุดุงููู,1
1596342497093069_1596346257092693,ุงูููุจุจ ูุฏูุงุชูู โค๏ธ,1
1596244930436159_1596351870425465,ุงููุฉ ูุดููุฉ ููุนุงููุฉ ูุง_ุฑุจ ููุดูู ูู ูุฑูุถ,1
1596244930436159_1596379673756018,ุงููุฉูุดููุฉ,1
1596213277105991_1596353403758645,ุงููู ๐๐๐๐,1
1596244930436159_1596268350433817,ุงููู ุงูุดุงูู ูุดููู ููุนุงููู ูุงุงููู,1
1596164447110874_1596172970443355,ุงููู ูุจุดุฑู ุจุงูุฎูุฑ ุน ูุงูุฎุจุฑ ๐ุงูุง ุจุจูุด ุจุญุฑู Sุฃููุช ููุง ููููููููุงู ุณุงุฑู ุถููุฏู,1
1596408487086470_1596816600378992,ุงููู ูุญูุงู ููุจุนุฏ ุนูู ูู ุดุฑ ๐  ุงู ุจุชุจุฑุน โค โค โค  ููู ูุทูุจ ุนูููู ุจุนุทูู ูุงูู ๐,1
1596244930436159_1596269837100335,ุงููู ูุณููู ูุงุฑุจ,1
1596244930436159_1596326173761368,ุงููู ูุดุงููู ููุนุงููู  ูุง ุงุณูุงู,1
1596244930436159_1596294833764502,ุงููู ูุดุงููู ููุนุงููู ูุง ุงุณูุงู ูุง_ุฑุจ ููุฑุฌุนู ูุฃููู ุณุงูู,1
1596244930436159_1596371823756803,ุงููู ูุดุงููู,1
1596244930436159_1596360553757930,ุงููู ูุดุงููู ๐,1
1596244930436159_1596809677046351,ุงููู ูุดุงููู ููุจุนุฏ ุงูุงุฐู ุนูู ูุนู ูู ูุฑูุถ ุจุนุงูู ๐ญ,1
1596244930436159_1596448720415780,ุงููู ูุดุงููู ููุฑุฌุนู ุณุงูู ูุง_ุฑุจ,1
1596244930436159_1596298047097514,ุงููู ูุดุงููู ููุนุงููู,1
1596244930436159_1596408290419823,ุงููู ูุดุงููู ููุนุงููู ูุง_ุฑุจ,1
1596244930436159_1596323597094959,ุงููู ูุดุงููู ููุนุงููู ูุงุงุง ุฑุจ ๐,1
1596244930436159_1596324980428154,ุงููู ูุดุงููู ููุนุทูู ุงูุตุญู ูุง_ุฑุจ,1
1596244930436159_1596308163763169,ุงููู ูุดุงููู ูุง_ุฑุจ,1
1596244930436159_1596295137097805,ุงููู ูุดุงููู ูุง_ุฑุจ ููุนุงุงุงุงููู,1
1596244930436159_1596333470427305,ุงููู ูุดุงููู ูุง_ุฑุจ ููุนุงููู ูุง_ุฑุจ ูุง_ุฑุจ,1
1596244930436159_1596357887091530,ุงููู ูุดุงููู ูุงุฑุจุฑ,1
1596244930436159_1596405937086725,ุงููู_ูุดูู,1
1596244930436159_1596363533757632,ุงููู_ูุดูู ููุดูู ูู ุงููุฑูุถ,1
1596244930436159_1596340143759971,ุงููู_ูุดูู ููุนุงูู.  ูุงุฑุจ.   ุงุฐุง ุจุฏู. ุฏู. ุงุญูุง ูุณุชุนุฏูู,1
1596244930436159_1596812480379404,ุงููู_ูุดูู ูุง_ุฑุจ ููุฑุฌุนูุง ุณุงูู ุบุงูู,1
1596244930436159_1596734830387169,ุงููู_ูุดูู ูุงุฑุจ,1
1596244930436159_1596270037100315,ุงููู_ูุดููุฉ,1
1596244930436159_1596370013756984,ุงููู_ูุดููุฉ,1
1596244930436159_1596264533767532,ุงููู_ูุดููุฉ ููุนุงููุฉ ูุงุฑุจ,1
1596244930436159_1596278690432783,ุงููู_ูุดููู,1
1596244930436159_1596706033723382,ุงููู_ูุดููู ุญุจููู. ูุชุฑุฌุน ุจุงูุณูุงูู  :(,1
1596244930436159_1596385067088812,ุงููู_ูุดููู ููุฑุฏู ูุงููู ุณุงูู ูุงุงุงุงุงุฑุจ ุงูุช ุงูุดุงูู ูุง ุดูุงุก ุงูุง ุดูุงุฆู ุดูุงุก ูุง ูุบุงุฏุฑ ุณููุง .....,1
1596244930436159_1596408973753088,ุงููู_ูุดููู ููุนุงููู,1
1596244930436159_1596258767101442,ุงููู_ูุดููู ููุนุงููู ูุง ุงุณูุงู ููุฑุฌุนู ูุงููู ุณุงูู ุบุงูู ูุชููุฑ ุญูุงุชูู ูุชููุฑ ุงูุจูุฏ ูููุง,1
1596244930436159_1596567847070534,ุงููู_ูุดููู ูุง ุงุฎู  ูุชุฑุฌุนููุง ุณุงูู,1
1596244930436159_1596381700422482,ุงููู_ูุดููู ูุง ุงุณูุงู   ูุชุฑุฌุน ูุจูุชู ุณุงูู ูุนุงูู ุจุฃุฐู ุงููู,1
1596244930436159_1596358090424843,ุงููู_ูุดููู ูุง ุฎูู ู ุชุฑุฌุนูู ุณุงูู  ุงููู ูุง ูุถุฑู ู ูุฑุฌุน ูุฃููู ู ูุตุญุงุจู ู ุญุจุงูุจู ูุงุงุงุง ุฑุจ Islam Mhammad,1
1596244930436159_1596460023747983,ุงููู_ูุดููู ูุง_ุฑุจ,1
1596244930436159_1596857877041531,ุงููู_ูุดููู ูุงุฑุจ ูุง ุงุณูุงู ูุชุฑุฌุน ุณุงููู,1
1596244930436159_1596362183757767,ุงููู_ูุดูููู ูุฎูู ูุชุฑุฌุน ุชููุฑ ุจูุฏูุงุง ุจูุฌูุฏู  ูุง_ุฑุจุจ . ุงููู ูุง ูุถุฑู ุจุดู ูุง_ุฑุจุจ,1
1596244930436159_1596438713750114,ุงููู_ูุดููููู ูุงุงุงุงุฑุจ๐๐๐,1
1596244930436159_1596281717099147,ุงููู_ูุดููู,1
1596244930436159_1596300257097293,ุงููู_ูุดููู,1
1596244930436159_1596248990435753,ุงููู_ูุดููู,1
1596244930436159_1596322343761751,ุงููู_ูุดููู,1
1596244930436159_1596266917100627,ุงููู_ูุดููู,1
1596126553781330_1596269653767020,ุงู ุนุงุฏู ุงุฒุง ูุคูุชู ููุด ุดุจุงุจ ุนูุฏูู ...,1
1596144183779567_1596366393757346,ุงู ุนุงุฏู ุจุณ ุงูุงูุณุงู ุจูุชู ุจููุณู ุนุดุงู ููุณู ูุด ุนุดุงู ูููุช ูุธุฑ ูุนุงุฏู ุงู ูุงุฒู ุงููู ููุชู ุจููุณู ุจุฏูู ูุจุงูุบู ุทุจุนุง,1
1596144183779567_1596216117105707,ุงู ุนุงุฏู ุจุทูุน ููุซูุฑ ุจุนูููุง,1
1596126553781330_1596807217046597,ุงู ุนุงุฏู ุจูุจู ููุด ุงููู ุบููุฉ ูุซูุง๐๐๐,1
1596126553781330_1596141247113194,ุงู ุนุงุฏู ุจูุงูู,1
1596144183779567_1596320310428621,ุงู ุนุงุฏู ุดู ูุนูู ุงูููู ุงูุซูุฉ ุจุงูููุณ ุชููู ููุฌูุฏุฉ,1
1596144183779567_1596493200411332,ุงู ุนุงุฏู ุดู ูุนูู ุจุทูุน ููุงุฏุฑ ุฌุฏุง ูุญุท ุจูุฏุฑุฉ ูุณูุงุฑุฉ ูุญููุฑุฉ ุจุงูููุงุณุจุงุช ููุท,1
1596144183779567_1596170313776954,ุงู ุนุงุฏู ููู ุงููุดููุฉ ูุง ุจุณุชุฎุฏู ูุงูุณ ููุง ุฌู ููุง ูุฑูู ููุง ุจุณุดูุฑ ูุนุงุฏู ุงุฐุง ุจุฏู ุงุญูู ุงููุญูุฉ ูุงุทูุน ุจุญูููุง ูุดู ุจุฏู ููุงู ูุด ุงู ูุดููุฉ๐,1
1596144183779567_1596145933779392,ุงู ุนููุชูุง ุงูุชุฑ ูู ูุฑุฉ,1
1596126553781330_1596249610435691,ุงู ููุด ูุงุก ุจููุงูุฉ ุงุฒุง ุงูุง ููุช ูููุญู ุญุชููู ูู ูููุญู ูุนู,1
1596408487086470_1596477127079606,ุงู ููู ูุง ูููุจู ุจุนุทูู ููุงู,1
1596213277105991_1596220180438634,ุงู ูุงุดุงุกุงููู,1
1596144183779567_1596400313753954,ุงู ูููู,1
1596408487086470_1596415103752475,ุงู ูููู ูุฑุงุช ุจูุฒู ุงูุชุถุญูุฉ,1
1596778420382810_1596829533711032,ุงู ูููู ูุง ุณูุงู ุนูู ูุฑุงุนุงุช ูุถุน ุงูุดุจุงุจ,1
1596144183779567_1596280393765946,ุงูุง ุจุฑูุถุงู ุฑูุญุช ุนุงููุฏุณ ููุง ุงุดู ุญุทูุช ุนุงูุทุจูุนู,1
1596342497093069_1596348683759117,ุงููู ๐,1
1596408487086470_1596410700419582,ุงูู ุจูุงูู ..,1
1596126553781330_1596129323781053,ุงูู ุจูุงูู ุจุณ ููุชุฑู ูุคูุชู,1
1596408487086470_1596693490391303,ุงูู ุดู ุจุนูุฏ ุงูุดุฑ ุนู ููุจุฉ ... ู ุงูู ุทุจุนุง ุงููุฏ ุจุฏูู ูุชุฑุฏุฏ๐ฑ๐ผ,1
1596408487086470_1596698133724172,ุงู ุจูุงูู,1
1596126553781330_1596469120413740,ุงู ุนุงุฏู ููู ููุงุจุฏ ูุงุนูุฏู ูุดููุฉ ุจูุงูู ุทุจุนุง,1
1596144183779567_1596376930422959,ุงู ุนุงุฏู๐โ,1
1596126553781330_1596200700440582,ุงู ูููุด ูุง ุดู ูุนูู ูู ุนุดุชู ูุชุฑู ูุนูู ุจููุณ ุงูุจูุช ูุงุฑุงุญ ูุตูุฑ ุดู ุจุนุฏูู ุจุงููุณุจู ูุงูู ุงุนุชุจุฑููุง ุงูู ูุชุนุงููููุง ุจุงููููุญ ุจุชูุฌููู ุจุงูุงุญุณู,1
1596126553781330_1596195407107778,ุงูู ุจุนูุด,1
1596144183779567_1596196870440965,ุงูู ูููู,1
1596308140429838_1596312800429372,ุจุงุฑู ุงููู ูููู,1
1596408487086470_1596449003749085,ุจุจูุน ุนูุฑู ููู ูุฏุงุงุงู ูุจุฏูู ุชูููุฑุฑุฑ ุงุจู ููุณู ูุฑุงุณ,1
1596767033717282_1596787447048574,ุจุชูุฏุฑ ุชุดุชุบู ุจุงูุนูุงุฑ ูุชุญุตู ุงูู ุดู ูฃูฅูู ูุนูู ุจููุน ุน ููุฑุฉ,1
1596126553781330_1596131807114138,ุจุฑุฃูู ูุฏ ููุญุท ุดุฑูุท ููุฎุทุท ููุชูุจู ูุณุง ููู ุน ุงููุงุถู ุจุงูุงุฎุฑ ุงููุตูุจ ุงูู ุจุฏู ููุดู ๐ ุจุนุฏูู ุงุฒุง ูุงู ุงูุดุจ ูููุญ ูุจุณุชุงูู ููู ุชุถูุญู ูุง ูู ุจูุช ุจุชุฑูุถ ุงุฒุง ูุงูุช ุจุชููู ๐ธ ูุงูู ุงููุตุงุฑู ุจุชุฑูุญ ูุจุชูุฌู ุจุณ ุงูุดุจ ุงูููู ูุง ุจุชุนูุถ,1
1596126553781330_1596174443776541,ุจุฑุถุง ุจุฏูู ูุง ุงููุฑ ูุฑุชูู,1
1596767033717282_1596795260381126,ุจุณ ุฑุจู ุจุนูู ูุงุงุฎู,1
1596144183779567_1596331113760874,ุจุณ ูุณูุงุฑุฉ ๐,1
1596144183779567_1596197863774199,ุจุนุฏูู ุงูุจูุช ุงูุญููุฉ ุญููุฉ ูุงูุจุดุนุฉ ุจุดุนุฉ ุญุชู ูู ุญุทุช ูููุงุฌ  ุงูููุงูุญ ูุงุถุญุฉุฉุฉ  ุจุนุฏูู ูุงู ุฃููุฑ ุฎุงุตุฉ ุจุงูุจูุงุช ุดู ุฎุตููู,1
1596164447110874_1596171567110162,ุจุนุฒู ุญุงูู ูู ุญุงูู ๐๐๐๐,1
1596408487086470_1596791353714850,ุจุนุทู ุนููููู ูุงุง ุจุบูุงุง ุนูู ุดู ุญุชู ููู ุญูุงุงุชู ๐โ,1
1596408487086470_1596411437086175,ุจุนุทูู ุญูุงุชู ุจุณ ูููู ุงุจู ุญูุงู,1
1596408487086470_1596411103752875,ุจุนุทูู ุฑูุญู ! ุจุณ ูููู ุงุจู ุญูุงู๐โ ูุงููู ูุง ูุถุฑ ุญุฏ ูุง_ุฑุจ,1
1596408487086470_1596412437086075,ุจุนุทูู ูุงูุง ูุจุณ ุงุชุนุจ ุจุฑุฌุนูู ูุงูุง ..ูุจุณ ูุชุนุจ ุจุนุทูู ูุงูุง ..ูุจุณ ุงุงุชุนุจ ุจุฑุฌุน ุจุงุฎุฏูุง ููู ูููุฐุง ูุนูู ูุญุฏุง ูุง ุงููู ููุฑุฌูุง ๐น๐๐๐,1
1596144183779567_1596148210445831,ุจุนูุฑู ูุง ุทูุนุช ุจูููุงุฌ โ๐,1
1596408487086470_1596465890414063,ุจุนูุฏ ุงูุดุฑ ุงููู ูุงุงุงุง ููุฏุฑ ุงููุฏ ุงุงู ูุจุนุทูู ุนูุฑู ููุงู ๐ต,1
1596778420382810_1596793100381342,ุจุนูู_ุงููู,1
1596767033717282_1596769010383751,ุจุนูู_ุงููู ุจุชูุฑุฌ ๐,1
1596408487086470_1596716967055622,ุจูุจู ุงููุฏุฏ โโ๐ช๐ช ุจุณ ุจุนูุฏุฏ ุงูุดุฑ ุนูู,1
1596126553781330_1596476550412997,ุจูุจู ุจุฏูู ุชุฑุฏุฏ,1
1596408487086470_1596418227085496,ุจูุง ุญุจ ุจูุง ุฒูุช ุตุญุชู ุจุงูุฏููุง,1
1596126553781330_1596270223766963,ุจููู ุจุทู ูุญุจูุง ูุถูุช ุนุงูุดุฉ ูุน ุญูุงุชูุง ุจุชููู ุงููุชูุง ๐๐,1
1596342497093069_1596358727091446,ุจูุชู .. ููุฉ ุงูููุฏ ุงููุณุงุฆู ุญุฏุง ููุฎุฏูุง ููุนุทููู ุจุฏุงููุง ุฌุฑุงุจุงุช ุดุชููุฉ๐๐๐,1
1596408487086470_1596785073715478,ุจูุงูู ุฃููุฏ ๐โค,1
1596126553781330_1596189460441706,ุจูุงูู ุงุฐุง ูุชุฑุฉ ูุคูุชู ุญุชู ูู ุงูู ููููุญู ุจุณ ููุงุงุฒุฒู ูููู ุงูู ุฏุงุฑ ูุญุงูู,1
1596408487086470_1596426930417959,ุจูุงูู ุงูููู ูุง ุงุดููู ููุฌูุน,1
1596408487086470_1596416663752319,ุจูุงูู ุจุฏูู ุงู ุชูููุฑ  ููู ุงููุนุ,1
1596408487086470_1596420217085297,ุจูุงูู ุจุนุทูู ุงูุชูุชูู,1
1596408487086470_1596436017083717,ุจูุงูู ุทุจุนุง  ููุด ูุงุก ูุนูู ูู ูุฑูุถ ูุงุฒู ุฃููู ูุนู ูู ุงูุณุฑุงุก ูุงูุถุฑุงุก ูุงูุญุจ ูุนู ูุชุตุฑูุงุช,1
1596408487086470_1596495307077788,ุจูุงูู ุทุจุนุง  ููุด ูุงุก ูุนูู ูู ูุฑูุถ ูุงุฒู ุฃููู ูุนู ูู ุงูุณุฑุงุก ูุงูุถุฑุงุก ูุงูุญุจ ูุนู ูุชุตุฑูุงุช ูุน ุงูู ุงูุง ูุด ุฎุงุทุจ ููุง ุดู ุจุณ ุญุงุจุช ุงุนููู,1
1596408487086470_1596410977086221,ุจูุงูู ููุด ูุงุก ูุนูู ูู ูุฑูุถ ูุงุฒู ุฃููู ูุนู ูู ุงูุณุฑุงุก ูุงูุถุฑุงุก,1
1596408487086470_1596419907085328,ุจูุงูู ูุจูู ุญุจ โคโ,1
1596442873749698_1596444757082843,ุจููู ูุณุชูุง ุชูุถู ๐๐๐,1
1596342497093069_1596361610424491,ุจูุนูููู ูุชูููุฑ,1
1596767033717282_1596770450383607,ุชุดุชุบูุด ุจูุงู ุงูุจูุงุฏ  ุฑูุญ ุดูู ูู ุจูุจุถู ุงูุนุงูู ูู ุงุณุฑุงุฆูู ููุด ุดุฑุท ุชุดุชุบู ููุงู ูู ุฃูุงูู ุนุฑุจูู ูุชู ุงู ุงููุญู ููุงุดุงุจู ุงุดุชุบู ููุงู,1
1596767033717282_1596768080383844,ุชุดุชุบูุด ุนูุฏ ุญุฏุง ๐ธ๐ฌ,1
1596342497093069_1596383050422347,ุชูุฃู ุฑููููุญู Meraj Majed,1
1596342497093069_1596441500416502,ุฌูุฒู ุญุจูุจู ๐๐,1
1596328670427785_1596335323760453,ุญุงูููู ุฌุฏูุฏ ๐๐,1
1596767033717282_1596770250383627,ุญุงูู ุชุดุชุบู ุดุบู ุชุงูู ุฃู ุฏูุฑ ุน ุดุบู ุจุชุงุฎุฏ ููู ูุนุงุด ุงูุชุฑ,1
1596291983764787_1596328957094423,ุญูุจูุงู ูุฎููุงู ุงูุญูุฏ_ููู .. ุฃูุจุฑ ูุนูุฉ ๐,1
1596342497093069_1596359663758019,ุญุจูุจ ุงูุจู ุงุจู ุงุฏู,1
1596342497093069_1596409710419681,ุญุจูุจ ุงูุจู ุฌูุฒู,1
1596342497093069_1596354043758581,ุญุจูุจ ุงูููุจ,1
1596342497093069_1596393840421268,ุญุจูุจุชู,1
1338724576249408_1340598709395328,ุงู_ุดุงุก_ุงููู ุชููู ูุตุงูุญุฉ ุจุงููุนู ููุงุชููู ุถุญู ุนูู ุงูุดุนุจ ุงููุนุชุฑ,1
1338609922927540_1338669569588242,ุงู_ุดุงุก_ุงููู ุฎูุฑ ูุงุจุงุดุง๐,1
1346377122150820_1346453898809809,ุงู_ุดุงุก_ุงููู ุณูุฑูุง ุชุชุฃูู๐๐๐,1
1339189969536202_1339205166201349,ุงู_ุดุงุก_ุงููู ูุฌูุฏูู ุจูููู ุจุดุฑู ุฎูุฑ ููู ุงูุดุนุจ ููููููู ููุณุฏุฏ ุฎุทุงูู,1
1338724576249408_1338737806248085,ุงู_ุดุงุก_ุงููู_ูุตุทูุญู.,1
1347772675344598_1347893155332550,ุงู_ุดุงุก_ุงููู_ูููุฒ ุงููุฏุงุฆู ๐,1
1338609922927540_1338724512916081,ุงู_ุดุงุกุงููู ุชุฏูู ุงููุตูุงุญุฉ ุนูู ุทูู ูุชููุฑ ุงูุฃุนุฏุงุก ูุง_ุฑุจุงูุนุงูููู,1
1346750918780107_1346760528779146,ุงู_ุดุงุกุงููู ุชููุฒ ูุตุฑ ูุง_ุฑุจุงูุนุงูููู,1
1338044766317389_1339492792839253,ุงู_ุดุงุกุงููู ุฎูููุฑ,1
1346377122150820_1346484688806730,ุงูุง  ูู ุงูุฌุฒุงุฆุฑ ุงุชููู ุงูููุฒ ูู ุงูููุชุฎุจ ุงููุตุฑู ูู ูู ููุจู,1
1346443225477543_1346793488775850,ุงูุง ุงูู ูุงูุช ุดุฑููุชู ุจุงูููุนุฏ ุจุงูุตู ุงูุงูู๐๐,1
1347772675344598_1348520908603108,ุงูุง ุงูุณุงู ุนุธูู ูุง ูุงุณู ูู ูุทุง ุงููู ููููู ุชุญูู,1
1348779811910551_1348788491909683,ุงูุง ุชุงุฑูุฉ ูุจุงุฑุงุฉ ุงูุฃุฑุฏู ูุจุชุงุจุน ูุจุงุฑุงุฉ ุณูุฑูุง๐๐๐๐,1
1339242682864264_1339765546145311,ุงูุง ุดุงููุฉ ูู ุงูุดุนุจ ููุจูุง ุตุญุงูููู ๐๐๐,1
1338819902906542_1339327486189117,ุงูุง ุดุฎุตูุง ูุน ุงูุชุนุงูู ุจุจุฑูุฏ ูุน ูู ูุง ูุทููุง ุนูู ุงูุณุทุญ ูุซู ููุญ ุงูุซูุฌ ูุงูุชุนุงูู ูุน ูู ูุงูุฒุนุจุฑุงุช ูู ุฌููุน ุงูุงุทุฑุงู ุจูู ุจุฑูุฏ ูุฎูู ุณูููุฉ ุงููุตุงูุญู ุงุชุนุฏู ููุงูู ุญุฏ ุญุงูู ูุนููุง ุนูู ุดู ุชุญุช ุงูุงุญุชูุงู ูุฎูููุง ุงูุฑูุฒ ุนูู ุงููููุฏ ูุงูููุงู ูุงุฑุชุฏุงุฏุงุชู ูููุง ุชุญุตูู ุญุงุตู ููุตุฏูุง ุชููู ุนุฌูุฉ ุงููุตุงูุญู ุงูุชู ุจุฏุงุช ูุนููุง ูุทุฌ ุจูุง ุงูุนุงูู ุงุฌูุนุ ูููุง ุงุฑุงูู ุนูู ุฑุฌุงุญุฉ ุงูุนูู ูุงูุซูู ุงูุซูุงูู ููุนูููู ุงูููุณุทูููู ุงูุชู ุนุงูุช ุณููุงุช ูู ุงูุงููุณุงู ูุฑุงููุช ุนูู ุงููุตุงูุญู ููุนููุง ูู ูุงุญุฏ ุญุฑ ุจุฑุงูู ููู ูุงุญุฏ ุจูุงู ุนูู ุงูุฌูุจ ุงููู ุจุฑูุญู ููุง ุชุฎุชูููุง ูุชุฐูุจ ุฑูุญูู ูุฎูููุง ุงูุดูู ูุงูููู ููุงุฎุฑุ ู ุฑุจูุง ููุฏู ุงูุฎูุฑ ููุฌููุนุ ูุงููู ุจุฏู ุงูุฏุญ ูุง ุจููู ุงุญุ ูุงููู ุจูุงุนุจ ุงููุท ุจุงุณุชุญูู ุฎุฑููุดูุ ูุงุญูุง ูุดุนุจ ููุญ ุซูุฌ ููููููู ูููุตุงูุญู ูุงููู ูุด ุนุงุฌุจู ูุดุฑุจ ูู ุจุญุฑ ุบุฒู ููุชูุถูุถ ุณุจุนุฉ ูุฑุงุช ูุงุญุฏุงูุง ุจุงูุชุฑุงุจ ุนูู ุฑุงู ุงุจูุนูุงุฑ ุฑุญูู ุงูููุ ูุฏูุงู ุงูุญุงู ูู ุงููุญุงูุ ููุง ุฑุงุญ ููุชูุจ ุงูุซุฑ ูู ููุจุชูุงุ ุญุชู ูู ุฏุญููุง ุนูู ุงูู ุบุฒู ุจุงูุดุงุท ูู ูุณุงููุฑ ุดุงูุช ุงููุญู ุนู ุงูุนุธู ูู ูุฑุถูุง ุจุบูุฑ ุงูุนุฒู ูุงููุฎุงุฑ ููุดุนุจ ุงูููุณุทููู ููู ุดู ุจุงุชุนุฏู ูุจุงุชุฌูุณ ุญุจู ุญุจู ูุจุงุฒุฏุงุฏ ูุญุจู ูููุนูู ุงูุตูุงุจ ุญุชู ูู ุนูู ูุต ุฑูุงุจูุง ูุงููุณูุก ูููุณู ูุงููุญุณู ูููุณู ููู ูุงูุถุฌูุฌ ุจุนุฏ ุจุฏุงูุฉ ููู ุงููุตุงูุญู ูุชููุน ููุฌุจ ุงูุชุนุงูู ูุนู ุจุญุฑููุฉ ุดุนุจูุฉ ูุชูุญุฏู ูุชูุถู ุณูููุฉ ุงููุทู ูููุชูุฏู ุนุฌูุฉ ุงูููุงุก ุฑุบู ุงูู ุฌููุน ุงููุชุขูุฑูู ุนูู ุงููุทู ูู ุงูููู ูููุงุน ููุง ุจุดูู ุงูุฑุงุณ ุงูุง ุงููู ุฎูููุง ูุนูู ุจุงู ููู ูุงููู ุจุชุฑูุต ูู ุงูุนุชูู ูุงููุญุฏู ุงูููุณุทูููู ุฌุงูุนู ููุง ููุงุฏุชูุง ุงูุง ูุฑุฏ ูู ุงูุฑุงุฏ ุงูุดุนุจ ูุตูุจ ููุฎุทุฆ ููุง ูุตุญ ุงูุง ุงูุตุญูุญ ูู ุงูููุงูู ูู ุฎูุงุตุฉ ุชุฌุงุฑุจ ุงูุงูุงู ูููุชุนูู ูู ูุตุฑ ููููุง ุซูุงุซุฉ ุงูุงู ูุงููุณุชุฎุจู ูุจุงู ูุฏูุชู ุณุงูููู,1
1338044766317389_1338053792983153,ุงูุง ูุงุชุจ ููุณุทูููู.. ุฃุญูุงูุงู ุฃุดุนูุฑู ุฃูู ูุง ุงุญุฏู ููููููููููู .. ูููู ุจุนุถู ุงููุชุงุจุงุช ุงูุชูู ุชูุงู ุฃุนุฌุงุจ ุงูุจุนุถู ุชุดุนุฑููู ุฃูู ููุงูู ุงุดุฎุงุตุงู ูู ูุฐุง ุงูุนุงูููู .. ุชุดุนูุฑู ุจูุง ุฃุดุนูุฑู ุชูุงูุง .ุขูู ููู ุญูุฑูู ูููุชุจ ููููุง ูู ุนูููู ู ููู..ููุนููู ุงูุฑุงููู ูุถูุง ูููุณ ุงูุฑุง ูุชุขุจุนูู,1
1347561822032350_1347840632004469,ุงูุง ูุง ุฃููู ุจูุง ุชููู ูููููู ุณุฃุฏุงูุน ุญุชู ุงูููุช ุนู ุญูู ูู ุงู ุชููู ูุง ุชุคูู ุจู.,1
1348846121903920_1348858838569315,ุงูุง ูุตุฑู ุนุฑุจู ุฃุตูู ุจูุงุฏ ุงูุดุงู ูู ุจูุงุฏู ุจูููู ุจูู ุตูุช ุนุงูู ููุชู ุงูุถู ููุฃุณ ุงูุนุงูู ูู ูู ุฎุณุฑูู ูููุณ ุงูุชู ุดุฑูุชู ุงูุนุฑูุจู ููู ูุจูุงุฏูู ููููุง ูุญูุงูู,1
1338819902906542_1338997866222079,ุงูุง ูุนู ูู ุงูุฑุงู,1
1346794905442375_1346906605431205,ุงูุง ูู ุงูุงุฑุฏู ูุจุญูู ุงูู_ูุจุฑูููู ููุตุฑ ุฅูุง ูุงุงุงุถ,1
1346377122150820_1346406528814546,ุงูุง ูู ุงูุฌุฒุงุฆุฑ ู ูุชููู ูููุฒ ุงูููุชุฎุจ ุงููุตุฑู ู ูุชุฃูู ู ูุดุฑููุง ๐๐,1
1347772675344598_1348082715313594,ุงูุง ูู ุงููุบุฑุจ ูุงุญุจ ุฃุฑุถ ููุณุทูู ูุซูุฑุง ูุฃูุฌู ููู ุงูููุณุทููููู ุชุญูุฉ ุฌุฏ ูุจูุฑุฉ,1
1346843865437479_1347340225387843,ุงูุง ูู ูุตุฑ ูุนุงูุฒ ุงุบููู ููุตุฑ ูู ุญุถุฑุชู,1
1346750918780107_1346802138774985,ุงูุง๐ช๐ช,1
1348853605236505_1349341421854390,ุงูุช ุงุทูุนุช ุจุชุดุฌุน ูู ุดู ูุจุชุบูู ููู ุดู,1
1342430042545528_1346816325440233,ุงูุช ุจุชุนุฑู ุดู ูุนูู ุงูุชูุงุถู,1
1340258989429300_1340268879428311,ุงูุช ุฑูุฒ ููุณุทูู ูุง ูุงุณู,1
1346750918780107_1346780662110466,ุงูุช ููุณุทููู ูุนุฑุจู ูู ูู ุนููู ุฌุงู ุชุนุฑู ููู ุจูุดุฌุน ุงููุฏ ูู ุงูุชูููู ูููุชุฎุจ ุงููููุบู ๐,1
1346843865437479_1346844468770752,ุงูุชุง ุงุตูู ูุง ูุงุณู โค ุจุฏูุง ููุงู,1
1346843865437479_1347202775401588,ุงูุชุง ุฑุงุฌู ูุญุชุฑู,1
1350008335121032_1350335598421639,ุงูุชู ููุนุชู ุจุญุจ ุงูุดุนุจ ุงูููุณุทููู ููู ๐ ูุงุณู ุงููุฌุงุฑ,1
1346377122150820_1348902515231614,ุงูุดุง ุงููู_ูููุฒ ุงูููุชุฎุจ ุงููุตุฑู ุงูุง ุชุญูุฉ ุฌุฒุงุฆุฑูุฉ ูุจูุฑุฉ ููููุชุฎุจ,1
1338609922927540_1338655882922944,ุงูุดุงุก_ุงููู  ุนูู ุฎูุฑ,1
1338044766317389_1338594006262465,ุงูุดุงุก_ุงููู ุฃุชู ุนูู ุฎูุฑ,1
1347772675344598_1347782965343569,ุงูุดุงุก_ุงููู ูููุฒ,1
1346377122150820_1346386148816584,ุงูุดุงุงุก ุงููู ูุตุฑ ุจุชุชุฃูู ููู ูุณูุฑูุง ๐๐,1
1346377122150820_1346547475467118,ุงูุดุงููู ุจููุฒู ูุจุฏูุง ุงูุดุนุจ ุงูููุณุทููู ููู ูุดุฌุน ุงูููุชุฎุจ ุงูุณูุฑู ููุชุฃูู ููุฃุณ ุงูุนุงูู,1
1346843865437479_1346960385425827,ุงูุดุงููู ุจูุจูู ุทูู ุนูุฑูุง ุจููุฑุญ ููุดุนูุจ ุงูุนุฑุจูุฉ ูููู ูุญุณูุง ูููุง ูุจุงุชุฑุงุญูุง,1
1338044766317389_1338429726278893,ุงูุดุงููู ุชุฏูู ูู ุงููุตุงูุญู ููุชูุญุฏ ุฌููุนุง ููุญุฑุฑ ููุณุทูู ุจุงุฐู ุงููู,1
1340454732743059_1340483022740230,ุงูุดุงููู ุชููู ุฎูููุฑ ูุงููุตุงูุญุฉ ููุง ูุตูุฑ ุงุดู ูู ูุฑุงูุง,1
1338044766317389_1338412262947306,ุงูุดุงููู ูุงูุชูุงู ุจูููู ุน ุฎูุฑ,1
1338044766317389_1338419976279868,ุงูุดุงููู ูุงูุชูุงู ุจูููู ุน ุฎูุฑ,1
1338724576249408_1339262096195656,ุงูุดุงููู_ูุงุฑุจ ุงููุตุฑ ูุฑูุจ,1
1338724576249408_1338729306248935,ุงูู ูููู ุชูุดุนุฑ ูู ุงูุงุจุฏุงู ูุฑุญุง,1
1341268179328381_1342184612570071,ุงู ูุงููู,1
1341046119350587_1345811312207401,ุงู ูุงููู,1
1338627609592438_1338742249580974,ุงู ูุงููู โโ,1
1338627609592438_1338630599592139,ุงู ูุงููู โ๏ธโ๏ธโ๏ธโ๏ธ,1
1338892866232579_1339048562883676,ุงู ูุงููู ูุญุชุงุฌู ูุงุงุฎู,1
1345256115596254_1345801332208399,ุงู ูุงููู ููุณูุฏ ุงูุณุฑูุฑ ุจุฏู ุงูุดุฑูุฑ ููุณูุฏ ุงูุญุจ ุจุฏู ุงูุญุฑูุจ ูุณุนุฏุตุจุงุญู ุฎู ูุงุณู,1
1346443225477543_1346784918776707,ุงู ููู ููุช ุงูุฒูุงู ูุนูุฏ ูููุง,1
1338044766317389_1338925436229322,ุงููุง ูุณููุง ุจูู  ุงููุง ูุณููุง ุจุญูููุฉ ุงูููุงู ุงููุทูู  ุงููุง ูุณููุง ุจุณูุงุฏุฉ ุงููุฒูุฑ  ุฏ.ุฑุงูู ุงูุญูุฏ ุงููู    #ูุญููุฏ #ุฎุฑูุฌ2012 #ูุญููุฏ #ูุงุฒู #ูุชูุธู,1
1338044766317389_1338925526229313,ุงููุง ูุณููุง ุจูู  ุงููุง ูุณููุง ุจุญูููุฉ ุงูููุงู ุงููุทูู  ุงููุง ูุณููุง ุจุณูุงุฏุฉ ุงููุฒูุฑ  ุฏ.ุฑุงูู ุงูุญูุฏ ุงููู    #ูุญููุฏ #ุฎุฑูุฌ2012 #ูุญููุฏ #ูุงุฒู #ูุชูุธู,1
1339924086129457_1340448432743689,ุงูู  ุงุดู ุชูุญุฏ ุงููููุจ,1
1346803562108176_1346828985438967,ุงูู ุงุดู ุงูู ุงูู_ูุจุฑูู ู ูุญูุฏ ุตูุงุญ  ุซุงูู ุงุดู ูุงููู ุงูู ูุถุญู ูุง ูุงุณู ูุชููุจ ุงููุฒุงุฌ  ุซุงูุซ ุงุดู ุงููุงุณ ูููุง ุจุชุญุจู ูุงูุง ุฃูููู ูุง ุชุฎูู ุงููุงุณ ุชูุฑูู,1
1338044766317389_1339240912864441,ุงูู ุฎุทูุฉ ูู ุทุฑูู ุงููุตุฑ ุงู_ุดุงุก_ุงููู ุชุนุงูู,1
1350008335121032_1350336615088204,ุงููู ๐๐๐,1
1349073751881157_1349089441879588,ุงูููููู  ูุฎุงูู ุตุงูุฑูู  ุฑุจูุง ูุฒูุฏ ๐๐๐๐๐๐,1
1342430042545528_1342441142544418,ุงูููููููู ๐๐โ,1
1348853605236505_1349931608462038,ุงู ูุงููู ูุจุฑูู ุน ุงูุจุทููุฉ,1
1346443225477543_1346679685453897,ุฑุจูุง ูุญูุธูู,1
1342225145899351_1342245612563971,ุฑุจูุง ูุญูุธู ููุฏููู ุงูุบุงูู ููุง ูุญุฑููุง ููู ุชุงุฌ ุฑุงุณูุง  ูุญูุฏ ุฌุงุจุฑ,1
1339924086129457_1339963439458855,ุฑุจูุง ูุญูููู,1
1346843865437479_1347054332083099,ุฑุจูุง ูุฑุฌุนููู ุงุฑุถูู ุจุงุฐู ุงูุฑุญูู ุงูู ููุณุทูู ุงูููุง ููููุง ุงุฎูุงุช๐,1
1338044766317389_1339116162876916,ุฑุจูุง ูุณุชุฑ ุนูู ุญูุงุณ,1
1338044766317389_1339201329535066,ุฑุจูุง ูุตูุญ ูุงูุญุงู,1
1338044766317389_1338545232934009,ุฑุจูุง ูููู,1
1338044766317389_1338707272917805,ุฑุจูุง ูููููู,1
1338044766317389_1338971702891362,ุฑุจูุง ูููููู  ููุตูุญ ุงุญูุงููู,1
1338645322924000_1338660616255804,ุฑุจูุง ูููููู ูุงูู ุชุนุจูุงุงุงุงุง ๐,1
1341046119350587_1341048696016996,ุฑุจูุงุง ููุฑูู ูุงููุง ุงููุตุฑ ...ูุงุฏ ูุนุฏ ูู ุฑุจูุงุง ๐๐,1
1338819902906542_1339321232856409,ุฑุจู ูุญูุธูู ูุงุดุนุจ ููุณุทูู,1
1338953806226485_1339118166210049,ุฑูุจู ูุฏูููุง ูููุญุฏ ุจูู ุงูุตููู ููุคูู ุจูู ูููุจูู ูุงุฑูุจ ... ๐๐ผ,1
1348853605236505_1348985445223321,ุฑูุจู ููุฑุฌูุง ุนูููู ููุฒูู ูููู  ...  ุจุณ ุดู ุงุญูู ุดู ุงููุงุญุฏ ูุบูู ูู ููุงู ููู ุตูุฏู  ๐,1
1339189969536202_1339227759532423,ุฑุจู ููุฏู ุจุงู ุงูุฌููุน ๐,1
1348804235241442_1348815215240344,ุฑุฌุงู,1
1349073751881157_1349079045213961,ุฑุฌููุง ุฎุถุฑุงุง ุน ุงูููุชุฎุจ ๐๐,1
1346377122150820_1346659368789262,ุฑุบู ูู ุดู ุงูุง ุงููุง ูุชููุง ุงูุชูููู ููููุชุฎุจ ุงูุดููู ูุตุฑ โคโโโ๐,1
1349073751881157_1349171018538097,ุฑูุนู ุฑุงุณูุง ุงููู_ูุญูููู ุงูุดุจุงุจ,1
1338044766317389_1338340276287838,ุฑููุจุฉ ูููู,1
1341479695973896_1341509329304266,ุฑูุนุฉ ุญุทูุง ุฎูููุฉ,1
1338044766317389_1342080652580467,ุฑูุนู ุชุณูู ุฅูุฏู ูุง ุบุงูู ุฑุจู ูุณุนุฏูู ููุญูููู ููุฎูููู,1
1342430042545528_1342959539159245,ุฑูููุงุฆุนู,1
1348853605236505_1349857161802816,ุฑูููููููุนู ูุงุดุงุก ุงููู,1
1338645322924000_1338651212923411,ุฑูุชูุง ูุงุชุจูู ูุงูุถุญูุฉ ุงูุญููุฉ ูุงุญุฌุฉ,1
1345653782223154_1345654238889775,ุฑูุชู ุณุจุน ุจุฑูุงุงุช ููุงุง ุจุงุงุฑู ูุญูุฏ ุนูู ุฌุจู ุนุฑูุงุงุช,1
1344917422296790_1345089018946297,ุฒูุงู ูุงูู ูุฏููุง ูููุจุณูุฉ ูุน ุงููููู ูุงูููููู ููุถุนูู ูู ุงุฌุฑุงุฑ ูู ุงููุฎุงุฑ ุงู ูุง ุงุทูุจูุง,1
1339189969536202_1339192726202593,ุฒู ูุง ุงุญูุง ูุง ุบูุฑู ุดู ูุณุง ๐๐๐,1
1339189969536202_1339277092860823,ุฒู ูุง ุงุญูุง ูุง ูุจูุฑ ููููู ุจู ูู ุชูุงุฆู ูุจูุฑุฑุฑุฑุฑุฑุฑ,1
1339189969536202_1339194702869062,ุฒู ูุญูุง ูุง ุญุฌ ุจูุชุงุจุน ุงูุงุฎุจุงุฑ ุฒููุง ุฒูู . ุดุฏ ุญุงูู ุจุฏูุง ุงููุงู ุนูุง ุนู ูุฑูุจ,1
1345046102283922_1345046792283853,ุฒููุฉุฉ ุงูุญูู โค,1
1338044766317389_1349265071862025,ุณุจุญุงู ุงููู,1
1345653782223154_1345671105554755,ุณุชุชุงูู ุชููุณ ูุงููุบุฑุจ ููุตุฑ ุจุงุฐู_ุงููููุณูุฑูุง ุงูุถุง ุงุถุงูุฉ ุงูู ุงูุณุนูุฏูุฉ ุงููุชุงููุฉ ุณููุง  ุงุฎุจุฑููู ูู ุจุงููุงููู ุงู ุชูููู ุจูุง ูุงูุช ุจู ุงูุฌุฒุงุฆุฑ ูู ุงูุจุฑุงุฒูู ููุฏ ุฑูุนุช ุงุณู ููุณุทูู  ููุณุทูู ุงูุดูุฏุงุก ุฏูุช ูู ููุงุนุจ ุงูุจุฑุงุฒูู ูู ุณูุณูุนูุง ูู ุฑูุณูุง  ุงุนุฐุฑููุง ูุง ููุณุทูู ูุงูุฌุฒุงุฆุฑ ูุฑูุถุฉ,1
1345046102283922_1345204455601420,ุณุนุงุฏุฉ ุจุญุช ๐๐๐๐,1
1346750918780107_1346756778779521,ุณุนุงุฏุชูุง ูุงูุช ุบุงูุฑุฉ ููุง ุชูุตู ุจุชุฃูู ุงูุฃุฎุถุฑ ุฅูู ุงููููุฏูุงู ๐ธ๐ฆ ..ู ููุฐ ุฃูุงู ูุงูุช ูููุจูุง ูุนููููุง ูุน ูุณูุฑ ูุงุณููู ๐ธ๐พ .. ูุจุงูุฃูุณ ุดุฌุนูุง ุจูู ุดุบู ููููุฉ ูุณูุฑ ูุฑุทุงุฌ ๐น๐ณ ูุฃุณูุฏ ุงูุฃุทูุณู ๐ฒ๐ฆ .. ูุงููููุฉ ุฃูุง ูุตุฑู ููููุง ูุตุฑููู ุ ูููุง ูุน ุงููุฑุงุนูุฉ ุจูู ุฌูุงุฑุญูุง ๐ช๐ฌ ..   ูุนู ูุง ุณุงุฏุฉ ุฅููุง ูุฑุฉ ุงููุฏู .. ููุง ููุนูู ุงูุณุญุฑ .. ูุง ุชุณุชููููุง ุจูุง ุฃุจุฏุงู ุ ูุฅููุง ุจุงูุญู ุชููู ุงููุฏุฑุฉ ุนูู ูุนู ูุง ูุง ููุฏุฑ ุนููู ุบูุฑูุง ..   ูุฑุฉ ุงููุฏู ูุง ุณุงุฏุฉ ุชุฌูุน ุงูุดุนูุจ ููุง ุจุงููู ุนูุฏูุง ุชููู ุดุนูุจ ุนุฑุจูุฉ ุ ุชุฌุฑู ูู ุนุฑูููุง ุงูุนุฑูุจุฉ .. ุดูุฑุงู ุฃูุชูุง ุงูุณุงุญุฑุฉ ุงููุณุชุฏูุฑุฉ ุนูู ูุญุธุงุช ุงูุงุชุญุงุฏ ูุงููุญุฏุฉ ุงูุชู ูุนูุดูุง ูุฐู ุงูุฃูุงู ุจูุถูู โฝ๐  #ุฑูุณูุง_ูุชุชููู_ุนุฑุจู,1
1344917422296790_1344920925629773,ุณูุงู ููู ูุง ุงูู ููุณุทูู ูุญู ูู ุงูุฌุฒุงุฆุฑ ูุงูุนููู ููู,1
1348853605236505_1349779748477224,ุณูุฑูุง ุงููู ุญุงูููุง,1
1348853605236505_1349938708461328,ุณูุฑูุง ูู ุงูููุจ ุฏุงุฆูุง,1
1348853605236505_1348858678569331,ุณูุฑูุง ูู ุงููุฎุฑ โโค๐,1
1345653782223154_1346123918842807,ุณูุฑูุง ููุงู ุถุงูููุง ูุนุจุฉ ููู ุงูุซูุงุซุงุก ูู ุฌุงุจุช ุชุนุงุฏู ุฑุงุญ ุชุชุงูู,1
1348804235241442_1348809521907580,ุณูุฑูุงุงุงุงุงุงุง ... ุฃุฏุงุก ูุดุฑู ุบุตุจ ุนู ุงูุญุงูุฏูู .... ููุฑูุน ุงูุฑุงุณ ูููู,1
1348804235241442_1348807255241140,ุณูุฑูุงุงุงุงุงุงุงุงุงุงุง,1
1338724576249408_1338773656244500,ุดุงูุฎุฉ ูุง ุฃูุณ ุฌูุงู ุงูุดุฑูู,1
1346443225477543_1346571278798071,ุดุฐู ุงููุฑุฏ ุญุฑูู ุนูู ูุฑู ๐ ูุงูุฑูู ุฃุญูู ุฃูุงู ู ุตุจุงูุง,1
1346843865437479_1346859432102589,ุดุนุจ  ูุงุญุฏ ูู ุดุนุจูู  ููุณุทูููุตุฑ,1
1341268179328381_1341892455932620,ุดุนุจูุง ูุงุญุฏ ูุง ุดุนุจูู ูุฏูุง ูุงุญุฏ ูุณูุฑ  ุจุดุฑุงูู,1
1347355318719667_1347361612052371,ุดุนุฑุงุชู ๐โค,1
1340454732743059_1340468796074986,ุดุนูุฑ ุฏุงุฎูู ูู ุฌูุงู ูุง ูููู ูุตูู ๐๐๐....ุงุฎููู ูู ุงูุงุฑุฏู,1
1340454732743059_1340455386076327,ุดุนูุฑ ูุง ุจุฃุณ ุจู  ูุญุชุงุฌ ุฅูู ุชุทุจูู ุนูู ุงุฑุถ ุงููุงูุน  ูุง_ุฑุจ,1
1340454732743059_1340455462742986,ุดุนูุฑู ุงูู ูุฑุจ ุงููุตุฑ ููุดุงูู ุฑุญ ูุชุญุฑุฑ,1
1338953806226485_1339018252886707,ุดููุง ูุงูุตูุฑุฉ ูุฒุง ูุฑุฉ ูุจู ููู ุ ูุง ูุณุชุนุฌู  ูุงุฑุจ ุฎูุฑ ููุงูุดุนุจ ุงูุบูุจุงู,1
1346377122150820_1346382005483665,ุดูุฑุข ุงุฎู ุงููุฑูู ูุงููุตุฑููู ูุด ุจููุณู ุงูู ููู ูุนูุงู ูููุง ุทุงู ุงูุฒูุงู,1
1350008335121032_1350085795113286,ุดูุฑุง ุงููู ูุงู ุญูู ูุซูููุฑ ุฑุงุฆุน,1
1348853605236505_1349885575133308,ุดูุฑุง ูุงุณู ุงููุฌุงุฑ ุชุญูู ูู ุณูุฑูุง ุงูุงุณุฏ,1
1348853605236505_1348989385222927,ุดูุฑุง ูุชุนุงุทููู ูููุงุฑุฏูู ูุณูุฑูุง,1
1346803562108176_1347234862065046,ุดูุฑุง ูู ุงุฎู ูุงุณู,1
1346750918780107_1346802998774899,ุดูุฑุง ููู ุดุงุจ ุงู ูุชุงู ุชุดุฌุน ุงูููุชุฎุจ ุงููุตุฑู ูููู ูุญุชุฑู ุงุจู ูุญุชุฑู ูุงู ููุงู ุบูุท ุนููุง ูุงููู ูุนูู ูู ุงูุช ูุดูุฑ,1
1344194182369114_1344258769029322,ุดูุฑุง ููุดุนุจ ุงูููุณุทููู ูู ุงูููุจ โค,1
1348853605236505_1348857608569438,ุดูุฑุง ูู ุงูููุจ,1
1348853605236505_1348864285235437,ุดูุฑุง ูู ุงูููุจ ูู ุงูุชุญูุฉ ูุดุนุจ ููุณุทูู,1
1348804235241442_1348809078574291,ุดูุฑุง ูุณูุฑ ูุงุณููู ุงูุชู ูุณุชู ูุณูุฑุงู ุงูุชู ููุงุน ูุง ุชุฎุชุฑู ุดูุฑุง ููู ูุฑุฏุงู ูุฑุฏุงู ุงูุณูุชูููุง ุงูุฃุฒูุฉ ู ุงุฌุชูุนูุง ุฌููุนุง ุนูู ูุฐู ุงููุณุชุฏูุฑุฉ ุดูุฑุงู ููู ุดุฑูุชููุง,1
1345653782223154_1345743382214194,ุดูุฑุงุู ุฃูุง ูุญุจููู ุฃูุซุฑ ู ุงููู,1
1346377122150820_1346385482149984,ุดูุฑุงุงุงุง ูุง ุบุงูู ๐,1
1348853605236505_1350346231753909,ุดูุฑุงุงุงุงุงุงุงุงุง ูู ุณูุฑูุง ุงูุงุณุฏ ูููุณุทูู,1
1346803562108176_1347228202065712,ุดูุฑุงูุงููููุงุจููุณุทูู,1
1346843865437479_1348059778649221,ุดููููุฑุง ุดุนุจ ููุณุทูู ุงูุญุจูุจุฉ ุฏููุชู ุฃูููุงุก ๐ขโโคโค,1
1339189969536202_1339763649478834,ุดููู ููู ูุงูู ุชูุฒู ุนูุง ุ ููููู,1
1346443225477543_1346685832119949,ุดููุฏ .. ุงููู_ูุฑุญูู,1
1346843865437479_1347061132082419,ุดู ุจุชุนูู ุจุญูุงุฑุฉ ุจุญูููุงุช ุงุณุทูุจูู ๐๐๐๐,1
1342430042545528_1349414818513717,ุดู ูุฏู  ูุงุฏูุชูุฑ  ู ููู ููุงู  ููุฒูู,1
1338953806226485_1338987719556427,ุดููู ูุงูู ุงูุง ุงุฎุฑ ูู ูุนูู ุดู ุตุงูุฑ,1
1349073751881157_1349079331880599,ุตุงุงุงุฑุช 10 ูุนูุจุงู ุงู15 โโโุญุงุฑุณูู ุบูุฑ ุดูู ุจุณ ูุตุฏ ุทุงุจู ุจููู ูุง ุญุฑุงู ๐๐๐,1
1346443225477543_1346960012092531,ุตุงุญุจุชู ุญูุงู ููุณู ุงุญูู ูุนูุง ุงุดุชูุชููุง,1
1341046119350587_1341062432682289,ุตุงุฑ ุงู_ุดุงููู ูุฑูุจุงุ ุจุงูุตุจุฑ ู ุงูุญููู ู ุงูุฅุฑุงุฏุฉ ู ุงูุฐูุงุก ุฃู ุดุงูููุ ูููุง ุซูู ุจุตุงุญุจ ุงูุฌูุงูู ูุงูู ุงูููู ุฑุจ ุงูุนุงูููู ู ุชูุฑูู ุนูููุง ุฌููุนุง ุจูุตุฑู ุงูุฃุณูุฏ ุ ุงุณูุฏ ุงูุฅุณูุงู ู ุงูุนุฑุจ ( ุงูุฑุฌุงู ุงูุงุจุทุงู  ุ ุชุตุฏููุง ุงูู ุงูุฃุฑุถ ููุฏุช ุงููุซูุฑ ูู ุฌูุงููุง ู ุฑููููุง ู ูุนููุง ููุง ุบุงุจุช ุดูุณ ุงูุญู ุนู ููุณุทูู ู ุงูููุง ุงูุฃุจุทุงู.,1
1349073751881157_1349077025214163,ุตุงุฑุช 10 ๐โโ,1
1349073751881157_1349081128547086,ุตุงุฑูุง ุนุดุฑุฉ ๐๐๐,1
1344778688977330_1345066628948536,ุตุจุงุญ  ุงูุญุฑูุฉ,1
1344778688977330_1349722115149654,ุตุจุงุญ ุงูุงูู ูุงูุชูุงุคู ุจูุบุฏ ..ุงุณุนุฏ ุงููู ุงููุงุชูู ุจูู ูุญุจู ูุณุฑูุฑ,1
1344778688977330_1344780735643792,ุตุจุงุญ ุงูุฎูุฑ  ูุง ููุณุทูู ุนุงุฆุฏูู ุฃู ุดุงุก ุงููู,1
1347355318719667_1347379788717220,ุตุจุงุญ ุงูุฎูุฑ ุนูู ุงูู ููุณุทูู ุงูุญุจูุจู ูุณุนุฏ ุตุจุงุญู,1
1344778688977330_1345143365607529,ุตุจุงุญ ุงูุฎูุฑ ูุตุจุงุญ ุฑุงุฆุญู ุงููุทู ุงูุฌููู,1
1347355318719667_1347421612046371,ุตุจุงุญ ุงูุฎูุฑุงุช ูููุง ูุฃูู ุจูุฏูุง ุงูุทูุงุจ,1
1344778688977330_1344785365643329,ุตุจุงุญ ุงูุณุนุงุฏุฉ,1
1344778688977330_1344949925626873,ุตุจุงุญ ุงูุดูู๐ข  ุตุจุงุญ ุงูุชุญุฑูุฑ ุนู ูุฑูุจ.๐ข ุตุจุงุญ ุชุฑุงุจู ูููุงูู ูุง ููุณุทูู๐ขโโโ,1
1344778688977330_1344882832300249,ุตุจุงุญ ุงูุนุณู,1
1344778688977330_1344783065643559,ุตุจุงุญ ุงูุนุณู ุงูู ูุง ููุณุทูู,1
1347355318719667_1347361192052413,ุตุจุงุญ ุงููู,1
1347355318719667_1347400432048489,ุตุจุงุญ ุงููู,1
1344778688977330_1345955232193009,ุตุจุงุญ ุงููู ูุงููุงุณููู,1
1344778688977330_1344795895642276,ุตุจุงุญ ุงููุตุฑ,1
1344778688977330_1344783925643473,ุตุจุงุญ ุงูููุฑ,1
1341046119350587_1341052926016573,ุตุจุงุญ ุงูููุฑ ุญููุฉ,1
1338044766317389_1338374429617756,ุตุจุงุญ ุงููุญุฏู ูุงูุดุงุก_ุงููู ุฎูุฑ,1
1347355318719667_1347393255382540,ุตุจุงุญ ุงููุฑุฏ,1
1347355318719667_1347406785381187,ุตุจุงุญ ุงููุฑุฏ,1
1347355318719667_1347451162043416,ุตุจุงุญ ุงููุฑุฏ,1
1347355318719667_1347432265378639,ุตุจุงุญ ุงููุฑุฏ,1
1347355318719667_1347365685385297,ุตุจุงุญ ุงููุฑุฏ,1
1344778688977330_1344914458963753,ุตุจุงุญ ุงููุฑุฏ ูุงุญูุง ุงุดุชููุง ู ุฃุฑุถูุง,1
1341046119350587_1341050076016858,ุตุจุงุญ ุงููุฑุฏ ูุงูุงูู  ูุง ูุญุจูู  ููุณุทูู ุฑุงุฌุนูู ุนูู ููุณุทูู ุจุฅุฐู ุฑุจ ุงูุนุงูููู ุขููู  โ๐โ,1
1340941039361095_1340987896023076,ุตุจุงุญ ุณูุฑ,1
1341046119350587_1341061836015682,ุตุจุงุญ ููุณุทูู ุงูุญุจูุจุฉ ุตุจุงุญ ุงููุตุฑ โ,1
1347355318719667_1347357845386081,ุตุจุงุญู ุญุจู,1
1347355318719667_1347371442051388,ุตุจุงุญู ุฎูุฑ ูุจุฑูู ูุงุดุงุก ุงููู,1
1347355318719667_1347383722050160,ุตุจุงุญู ุฒูุช ุฒูุชูู,1
1347355318719667_1347357588719440,ุตุจุงุญู ุณูุฑ โค,1
1340941039361095_1341113682677164,ุตุจุงุญู ุนุณู ุงุญูุง ุจูุญุจู.  ูุชู ุจุฏู ุชุฒูุฑูุง ุจุบุฒุฉ ููุชุดุฑู ููู,1
1344778688977330_1344780118977187,ุตุจุงุญู๐น ุฑุงุฌุนููู๐๐๐,1
1347355318719667_1347368722051660,ุตุจุงุญูู.ุฒูุชููู,1
1347355318719667_1347416385380227,ุตุจุงุญูุง ูุตุจุงุญู  ุญูู ูุฎูุฑ ูุจุฑูุฉ....ุญุจูุจ ุงูุดุนุจ   ุงูููุงู ูุงุณู ุงููุฌุงุฑ,1
1344778688977330_1344785038976695,ุตุจุงุญูููู,1
1344778688977330_1345807282207804,ุตุจุฑุง ูู ูุฑุงูุง ุงูููุฌุฑู    ููุญุฏูุง ุตุงุจุฑู ุนูู ุบูุงูู ุณุชู ุนุงูุดู   ููููุง ุจุชุณุชูู ูู ูุจููุชูุง ุงูุนุชููู ูุงูุญุฌุงุฑู    ูุชุฑุงุจ ุจูุฏูุง    ุงุฒุฑุน ุดุชูู ูููุง    ูุนูุด ุนูู ุญูู ุงูุนูุฏู ุงููุง ุจุงุฐู ุงููู,1
1345046102283922_1345051178950081,ุตุญ,1
1345046102283922_1345341382254394,ุตุญ,1
1345046102283922_1345242722264260,ุตุญ,1
1342225145899351_1342258749229324,ุตุญ,1
1340454732743059_1340457692742763,ุตุญ ุงูู ูุง ุชูุฑู ุงุดู ูุจุณ ุดูููุง ุตุงุฑ ูุตุงูุญุง  ุจุณ ุนุงูููููู ูุฏุงู ุงูุนุงูู ุงูู ุชุตุงูุญูุง ููููุง ุงูุฏ ูุญุฏู,1
1338044766317389_1338509379604261,ุตุญ ูุณุงูู  ูููููู ูุงูู ุจุชุณุชุงูู  ุนูู ุงููู_ูุตุฏููุง ุงู_ุดุงุก_ุงููู,1
1348846121903920_1348877138567485,ุตุญ ูุณุงูู ูุงุงุตูู .. ุชุญูู ููุนูุงููู ุงูุฐูู ุฑูุนู ุฑุคูุณูุง ุนุงููุง .. ูุนู ุฎุฑุฌูุง ุจุดุฑู ุจูุฑุงูู .. ููููุช ูุงูููู ููู ูุฑูุน ุงูุง ููู .. ุชุญูู ููุนูุงููู ุชุญูู ูููุณูุฑ ุงูุงุจุทุงู ูุงูุญูู ุจุงูู ูุงูุฃูู ุจุงูู ูู ูุงุณ ุงุณูุง .. ููู ุงูุฃูุถู ุนุฑุจูุง  ..ุญูุงูู ุงููู_ูุง ุฑุฌุงู ุงูุดุฌุนุงู ... ูุชุญูู ููู ูุชุญูู ููุดุนูุจ ุงูุนุฑุจูู ุงูุชู ูุงุตุฑุช ูุดุฌุนุช ูุฑูุนุช ุนูู ุณูุฑูุง ูู ูู ุนุงุตูู ูู ุนูุงุตู ุงูุนุงูู ..,1
1338819902906542_1339179942870538,ุตุญ ูุณุงูููู,1
1345046102283922_1345255662262966,ุตุญ ููุฉ ุงูููุฉ ู ูู ุจุฃุจุณุท ุงูุงููุฑ ุชูุฏุฑ ุชุฎูู ุงูุณุนุงุฏุฉ ู ุงูุณุนุงุฏุฉ ุงููุทููุฉ ุชููู ูู ุณุฌุฏุฉ ุทููููููููุฉ ุชุญุงูู ูููุง ุฑุจู ุนูู ูู ูุง ุงููู ู ุงุณุนุฏู ู ุงุจูุงู ๐,1
1342225145899351_1342225759232623,ุตุญ.,1
1338819902906542_1338823936239472,ุตุญ... ูุง ุจุฏูู ุดุนุจูุง ููุฑุญ ุจุงุฒุงูุฉ ุงูุจุฑ ูุญูู ูุงุฌููุง ุงูุดุนุจ ุงูููุณุทููู..... ุงููุตุงูุญู ุจุชุญุณู ูู ุงุญูุงููุง ู ุจุชููููุง...,1
1346843865437479_1346911068764092,ุตุญู,1
1346843865437479_1348842185237647,ุตุญู ูููุง ุงูู_ูุจุฑูู,1
1345046102283922_1345459115575954,ุตุญูุญ๐,1
1342225145899351_1342995475822318,ุตุฏูุช ุฑุญู ุงููู ุฑุฌูุง ูุงู ุจูุชุง ูุญุชูู ุจู ..ูู ุงุตุฏู ูุง ูุฑุฃุช,1
1338819902906542_1338873452901187,ุตุฏูุช ูู ููู ุถุฏ ูุตุงูุญุฉ ุดุนุจูุง ููุตุงุฆูู ููุญุฏุชู ..ุฎุงุฆู ูุงูุจุฑ ูู ุฎุงุฆู ูุนู ูุง ูุงุณู ุงููุฌุงุฑ ๐,1
1346794905442375_1346797508775448,ุตูุงุงุงุงุญ โโ ุงูุญูุฏููู ๐ช๐ฌ๐ช๐ฌ,1
1346794905442375_1346795822108950,ุตูุงุญ ูุง ุนุงููู ๐ช๐ช๐ช,1
1338724576249408_1338741212914411,ุตูุฑุฉ ุจุงูู ูููุฉ,1
1340258989429300_1340370049418194,ุถุงุนุช ููุณุทูู๐ฃ,1
1341268179328381_1341376132650919,ุถุญูุชูู,1
1339189969536202_1339227216199144,ุทุงูุฑูู ูู ุงููุฑุญุฉ ูุงุญูุง ูุณุง ูุง ุดููุง ุญุงุฌุฉ,1
1339189969536202_1339201019535097,ุทุจุนุง ูุจุณูุทูู ุงูุญูุฏ_ููู ุจุฏูุง ูููู ุงูุฏุนุงุก ูุงูุดูุฏุฉุญููุฉ  ูููุตุงูุญุฉ,1
1338819902906542_1339255536196312,ุทุจุนุง ูุน ุงููุตุงูุญุฉ ุจููููุง ูู ุบุฒุฉ ุชุนุจูุง ูุชูุฑ,1
1338819902906542_1340381252750407,ุทูู_ุจุงูู ุงููู ูุน ุงููุตุงูุญู ุจุณ ุณุคุงู ูู ุนุจุงุณ ุณูุฑุถู ุจุงุจูุงุก ุณูุงุญ ุงูููุงููุฉ ููู ุญูุงุณ ุณุชูุจู ุชุณููู ุณูุงุญูุง ููุนุจุณ ููู ูุงู ุงูู ุฑุฏ ูู ุชุฃุฌูู ุฑูุน ุงูุญุตุงุฑ ุนู ูุทุงุน ุบุฒู ูุจูุงุด ุญูู ุงูุจุฑ ููู ูุจูุงุด ุชุถููู ููุดุนุจ ููู ุงุตุบุฑ ูุงุญุฏ ููู ุจูุนุฑู ููู ุงูุฎูู.,1
1338819902906542_1338820826239783,ุทูู_ุจุงูู ูุง ุฒููู ุฎูููุง ุชูุดู .. ุชูุนุฌูุด,1
1338724576249408_1338754346246431,ุน ุฎูุฑ ุงู_ุดุขุก_ุงููู,1
1338724576249408_1338726346249231,ุน ุฎููููุฑ ูุงุฑุจ โฅโฅโฅโฅโฅ,1
1346767815445084_1346768738778325,ุน ุฑุงุณุฆ ุงุญูุฆ ููุงู,1
1338953806226485_1339324352856097,ุน ุทูู ูุงุงุงุงุงุงุงุงุฑุจ ุงู_ุดุงุก_ุงููู ุถูู ูุชูููู,1
1344778688977330_1344779468977252,ุนุงุฆุฏูู ุงู_ุดุงุก_ุงููู,1
1346803562108176_1346808618774337,ุนุงุงุงุงุงุดุช ูุตุฑโโ,1
1346803562108176_1346818432106689,ุนุงุงุงุดุช ููุณุทูู ุงูุดูููู๐๐,1
1338724576249408_1338732399581959,ุนุงุฎูุฑ ุงูุดุง_ุงููู,1
2175444775831264_163094494429222,ูุง ุงูู ุงูุง ุงููู  ุงูุณูุงู ุนูููู,1
2175444775831264_177425789504026,ุงููู ูุฑุญููู,1
2175444775831264_163120741093264,ูููู ุญูุงุณ,1
2175444775831264_2175510912491317,ูููุช ูุชุญูุง ููุณุท,1
2175444775831264_2175499372492471,ุงููุง ูุณููุง ุจู ูู,1
2175444775831264_2175491612493247,ุงููู ูุง ุฑุจ ูุญุชูู ุจุชุญุฑูุฑ ููุณุทูู,1
2175444775831264_163114731093865,ูุนู ูููุญุฏุฉ ุงููุทููู โโ,1
2175444775831264_2175445529164522,โค๐      ุงููู ูุฑุญูู ูุงุงุจูุนูุงุฑ ..,1
2175444775831264_2175477305828011,ุงููู ูุฑุญูู ููุฌุนู ูุซูุงู ุงูุฌูุฉ ู ุบุงูู,1
2175444775831264_2175510522491356,ูุทููู,1
2175444775831264_163093407762664,ุงุฎูุงู ุญูุงุณ,1
2175444775831264_2175503592492049,ุงูููู ุตูู ุนูู ุณูุฏูุง ูุญูุฏ,1
2175444775831264_2175487645826977,ุฏุญูุงู ุชุงุฌ ุนูู ุฑุงุณูู,1
2175444775831264_177425859504019,ุงููุงุชุญู,1
2175444775831264_2175481722494236,ุนุณู ุงุจู ูุงุฏู ุนุณู,1
2175444775831264_2175454099163665,ุงุญูุง ูุน ุงููุตุงูุญู ุงููุฌุชูุนูู,1
2175444775831264_2175473049161770,ูุงููู ูุจูุฑ ูุง ุงุจู ูุงุฏู ..,1
2175444775831264_163098747762130,ุฑุญูุฉ ุงููู ุนููู,1
2175444775831264_2175499095825832,ููุงูุณุนุฏูู ุฑุจู,1
2175444775831264_1467553896692674,ุงููุตุงูุญุฉ ูุนู,1
2175444775831264_2175511752491233,ุญูุงุณ ูุจุณ ูุงูุจุงูู ูุฑู ุฎุณ,1
2175444775831264_163111461094192,ูู ุงูุชุญูุฉ ูุงูุชูุฏูุฑ ููุฏูุชูุฑ ุฎููู ุงูุญูุฉ,1
2175444775831264_2175497909159284,ุตูู ุนุงููุจู ูุฑูู,1
2175444775831264_163094524429219,ุญูุงุณ ููุชุญ ุงูุฏ ูุญุฏุฉ,1
2175444775831264_163094457762559,ูุนุฏููุง ูุงุญุฏ,1
2175444775831264_177425589504046,ูุง ุจุดุชูุด ูููุง ุงููุงุฏ ุจูุฏ ูุงุญุฏ,1
2175444775831264_163094344429237,ุงุณุชุบูุฑ ุงููู,1
2175444775831264_177425499504055,ุนุงุดุช ุญูุงุณ,1
2175444775831264_2175499615825780,ุญููู ูุดุงูู,1
2175444775831264_2175486692493739,ุงูุฏ ูุญุฏุฉ ุงููุญุฏุฉ ุทุฑูู ุงููุถุฑ,1
2175444775831264_2175500889158986,ุนุงุดุช ุงููุญุฏุฉ,1
2175774105798331_2175812115794530,ูุง ูุณูู ูุง ุฑุจ,1
2175761542466254_2175772245798517,ููุณุทูู ุญุฑุฉ ุฃู ููุฏู,1
2175444775831264_2175467092495699,ุงููู ูุจุนุฏ ุนูู ุดุฑ ุงูุงุนุฏุงุก ูููุตุฑูู ุนูู ูู ูุนุงุฏููู ููููููู ูุงุฑุจ ูุงููู ูููุง ุงุฎูู,1
2175444775831264_2175459899163085,ูู ุงูุชุญูู  ููุชูุงุฑ ุงูุฅุตูุงุญู  ุงูุฏุงุนู  ูููุตุงูุญุฉ ุงููุฌุชูุนูุฉ ูุงููุงุฆุฏ ูุญูุฏ ุฏุญูุงู  ุฑูุฒ ูุชุญ,1
2175444775831264_2175459659163109,ุณุจุญุงู ุงููู ุงููู ูุญูู ุงุฑุถ ููุณุทูู ูุชุจุทูู ุฏุญูุงู ูุนุจุงุณ ูุงูู ูููุง ุดุนุจ ูุงุญุฏ ูุจุญุฑูู ูุญุฏู,1
2175444775831264_2175489665826775,ุนุงุดุช ุญูุงุณ ูุฌููุน ุงููุตุงุฆู ูุฌุจ ุนููู ุงูู ุชูุฏ ุงููู ูุงูู ูุฐุง ุดุนุจู ููุงุชุญูู ูุฏู ุงุณุฑุงุฆูู ุจุงูู ุชุดู ูู ูุฐุง ููุฏุงู,1
2175444775831264_2175459379163137,ุฃุฎููู ูู ุงูุฌุฒุงุฆุฑ.    ุชูุญูุฏ ุงูุตููู  ูุงุฌุจ  ุฃูุงู. ุชุบููุฑุงุฉ.  ู. ุชูููุจุงุฉ.  ุงูุชู ุชุฌุฑู ูู ุงูุนุงูู.    ....  ูุญุฏุชููู. ุชูุฑููุจู. ุงูุนุฏู.    ู.  ุชุฌูุน. ูู. ุดูุฑูุงุก. ุงูุนูู.  ูุน. ููุณุทูู.  ุธูุงููุง ุฃู  ูุธูููุง.  ...ูุฏูุงู. ูุนูููู.   ุจู ุงูุฌูุณุงู.   ูู ุณุจูู ุงููู.       ููู ูุตุฑุง. ุงููู.      ...  ุงููู. ููุตูุฑู.   ููุณุทูู  ุฃุฑุธู  ุงูุดูุฏุงุก.  ูุฎุชุจูุฑ. ุจููุง. ุงููู ุนูุจุงุฏู.,1
2175444775831264_1467559533358777,ูููุงุงุงุง ุญูุงุงุงุณ,1
2175444775831264_2175467035829038,ุจูุชููู ููุฏุฑ ุงุจู ูุงุฒู ูููุฉ ุญูุงุณ ูุงููุตุงูู ุจุงูููุฑุฌุงู,1
2175444775831264_163098921095446,ุงููุงุฆุฏ ูุญูุฏ ุฏุญูุงู,1
2175444775831264_2175449062497502,ุงููู ูุฑุญููููู,1
2175444775831264_2175449385830803,ูุงููู ุดุฑู ุงูููุทู..ูู ุงุจู ุนูุงุงุฑ,1
2175444775831264_2175484855827256,ุนุงุดุช ููุณุทูู ุนุงุดุช ุงููุญุฏุฉ ุงููุทููุฉ,1
2175444775831264_2175468085828933,ุนุงุดุช ููุณุทูู ุนุงุดุช ุงูุงูุฉ ุงููุญุฏุฉ ุงููุทููุฉ,1
2175444775831264_2175458282496580,ุงููู ุงูุฏู ุงููููุณ ุจูู ุงูุงุฎูุฉ ุงูููุณุทูููู,1
2175444775831264_2175457735829968,ุงุฑุถ ุงููุทู ูุงููุทู ุบุงูู,1
2175444775831264_2175457269163348,ุงููู ูุฑุญูู๐ค๐ค,1
2175444775831264_2175460379163037,ุงุชุดุชุงู ุฑูุญู ูุดูู ุฑูุญู ูุฑุงุฆุญู ุนุทุฑู ุุ,1
2175444775831264_2175456755830066,ุงููู ุงูุจุฑ,1
2175797469129328_2175805085795233,ุชุจุงุฑู ุงููู ุงุฑุถ ูุจุงุฑูู,1
2175797469129328_2176096265766115,ูุง ุดุงุก ุงููู,1
2175797469129328_2175900512452357,ูุงุนููู,1
2175797469129328_2175803872462021,ุงููู ุงุณุฎุฑ,1
2175797469129328_2175878302454578,ุฑุจู.ูุทุฑุญ.ุงูุจุฑูุฉ ูุฒุฑุนูู,1
2175797469129328_2175800459129029,ูู ุฒูุงู ุจุฏูุฑ ุจุฏู ุงุดุชุฑู ูู ููู,1
2175797469129328_2175903412452067,ูุง ุดุงุก ุงููู,1
2175797469129328_2175870392455369,ูุง ุดุงุก ุงููู ุนูููู,1
2175797469129328_2175809439128131,ุจุงูุชูููู ููุฒูุฏ ูู ุงูุชุทูุฑ ูุดูุก ููุฑุญ,1
2175797469129328_2175957745779967,ุฒุบูุฑ ูุชูุฑ ุจุณ ูุฑุฉ ุนูุฑุฉ ุจูุฒุจุท ุงู ุดุงุก ุงููู,1
2175797469129328_2175964845779257,ุฑุจู ุงุฒูุฏ ูุจุฑูุฉ ูู ุฎูุฑ ูุนูููู,1
2175797469129328_2175839205791821,ุงูููู ุจุงุฑู ููู ูู ุฒุฑูุนูู,1
2175797469129328_2176073145768427,ูุงุดุงุก ุงููู ุงููู ูุจุงุฑู,1
2175797469129328_2175903459118729,ุงูููู ุงุฑุฒู ุงูู ุบุฒุฉ ุงููุตุฑ ูุงุฑุฒููู ูู ูู ุงูุซูุฑุงุช,1
2175795139129561_2175822159126859,ุงููู ูุฑุญูู ุดูุฏุงุก,1
2175795139129561_2175812749127800,ุงููู ูุฑุญูู,1
2175998865775855_2176007549108320,ุงููู ูุณุชุฑ,1
2175990442443364_2176058839103191,ุงููู ูุณุชุฑ,1
2175990442443364_2175997032442705,ุจุณู ุงููู,1
2175863005789441_2175925259116549,ุงุฎูุฑุง ุนุจุฑููู ๐,1
2175444775831264_163093411095997,ุงู ูุจูู ูุฎุฑ,1
